appid,name,release_date,release_year,positive,negative,total_reviews,positive_ratio,price
730,Counter-Strike: Global Offensive,"Aug 21, 2012",2012,7642084,1173003,8815087,0,0
1172470,Apex Legends,"Nov 4, 2020",2020,668053,326926,994979,0,0
578080,PUBG: BATTLEGROUNDS,"Dec 21, 2017",2017,1520457,1037487,2557944,0,0
1623730,Palworld,"Jan 18, 2024",2024,358266,22443,380709,0,2999
440,Team Fortress 2,"Oct 10, 2007",2007,1044264,117208,1161472,0,0
1938090,Call of Duty: Modern Warfare II,"Oct 27, 2022",2022,419594,294520,714114,0,3849
1063730,New World: Aeternum,"Sep 28, 2021",2021,196798,90080,286878,0,5999
2358720,Black Myth: Wukong,"Aug 19, 2024",2024,1111720,38378,1150098,0,5999
271590,Grand Theft Auto V Legacy,"Apr 13, 2015",2015,1739980,250576,1990556,0,0
550,Left 4 Dead 2,"Nov 16, 2009",2009,940221,23762,963983,0,999
304930,Unturned,"Jul 7, 2017",2017,506516,48852,555368,0,0
1599340,Lost Ark,"Feb 11, 2022",2022,143481,58540,202021,0,0
236390,War Thunder,"Aug 15, 2013",2013,484469,272617,757086,0,0
2246340,Monster Hunter Wilds,"Feb 27, 2025",2025,127273,91142,218415,0,6999
553850,HELLDIVERS 2,"Feb 8, 2024",2024,775883,241752,1017635,0,3999
230410,Warframe,"Mar 25, 2013",2013,545393,81110,626503,0,0
1245620,ELDEN RING,"Feb 24, 2022",2022,981540,75137,1056677,0,5999
105600,Terraria,"May 16, 2011",2011,1373979,35494,1409473,0,999
2694490,Path of Exile 2,"Dec 6, 2024",2024,118511,50510,169021,0,2999
431960,Wallpaper Engine,"Nov 16, 2018",2018,876898,17560,894458,0,499
1086940,Baldur's Gate 3,"Aug 3, 2023",2023,736688,23974,760662,0,4499
291550,Brawlhalla,"Oct 17, 2017",2017,314809,71647,386456,0,0
4000,Garry's Mod,"Nov 29, 2006",2006,1122546,37161,1159707,0,999
1085660,Destiny 2,"Oct 1, 2019",2019,497891,127725,625616,0,0
359550,Tom Clancy's Rainbow Six Siege,"Dec 1, 2015",2015,1172854,225730,1398584,0,1999
252490,Rust,"Feb 8, 2018",2018,1071135,156649,1227784,0,1999
552990,World of Warships,"Nov 15, 2017",2017,112887,33665,146552,0,0
346110,ARK: Survival Evolved,"Aug 27, 2017",2017,612177,117993,730170,0,1499
413150,Stardew Valley,"Feb 26, 2016",2016,872384,13811,886195,0,1499
242760,The Forest,"Apr 30, 2018",2018,599805,27986,627791,0,1999
1491000,War Robots: Frontiers,"Mar 4, 2025",2025,1977,1105,3082,0,0
238960,Path of Exile,"Oct 23, 2013",2013,209822,25269,235091,0,0
218620,PAYDAY 2,"Aug 13, 2013",2013,594327,68755,663082,0,999
291480,Warface: Clutch,"Jul 1, 2014",2014,54554,27643,82197,0,0
899770,Last Epoch,"Feb 21, 2024",2024,88027,22596,110623,0,3499
340,Half-Life 2: Lost Coast,"Oct 27, 2005",2005,12215,1471,13686,0,1999
1091500,Cyberpunk 2077,"Dec 9, 2020",2020,713071,131850,844921,0,5999
381210,Dead by Daylight,"Jun 14, 2016",2016,630223,166993,797216,0,1999
990080,Hogwarts Legacy,"Feb 10, 2023",2023,289966,31429,321395,0,5999
438100,VRChat,"Feb 1, 2017",2017,181623,58732,240355,0,0
292030,The Witcher 3: Wild Hunt,"May 18, 2015",2015,802993,32356,835349,0,3999
945360,Among Us,"Nov 16, 2018",2018,643681,57104,700785,0,499
1097150,Fall Guys: Ultimate Knockout,"Aug 3, 2020",2020,385154,88589,473743,0,0
49520,Borderlands 2,"Sep 17, 2012",2012,272900,22318,295218,0,1999
227300,Euro Truck Simulator 2,"Oct 12, 2012",2012,844480,22924,867404,0,1999
892970,Valheim,"Feb 2, 2021",2021,471451,28377,499828,0,1999
739630,Phasmophobia,"Sep 18, 2020",2020,736611,32168,768779,0,1399
444090,Paladins,"May 8, 2018",2018,294373,52031,346404,0,0
1203220,NARAKA: BLADEPOINT,"Aug 11, 2021",2021,225960,98967,324927,0,0
320,Half-Life 2: Deathmatch,"Nov 1, 2004",2004,12962,1334,14296,0,1999
70,Half-Life,"Nov 19, 1998",1998,143086,5135,148221,0,999
582010,Monster Hunter: World,"Aug 8, 2018",2018,434239,59151,493390,0,2999
227940,Heroes & Generals,"Oct 18, 2016",2016,96499,46264,142763,0,0
252950,Rocket League,"Jul 6, 2015",2015,509445,73775,583220,0,0
108600,Project Zomboid,"Nov 8, 2013",2013,355171,21892,377063,0,1999
1966720,Lethal Company,"Oct 23, 2023",2023,473422,13738,487160,0,999
1174180,Red Dead Redemption 2,"Dec 5, 2019",2019,676667,56875,733542,0,5999
1517290,Battlefield 2042,"Nov 19, 2021",2021,139186,158588,297774,0,5999
1240440,Halo Infinite,"Nov 15, 2021",2021,123333,53708,177041,0,0
648800,Raft,"Jun 20, 2022",2022,323198,23161,346359,0,1999
386360,SMITE,"Sep 8, 2015",2015,94368,25428,119796,0,0
444200,World of Tanks Blitz,"Nov 9, 2016",2016,116407,31754,148161,0,0
10,Counter-Strike,"Nov 1, 2000",2000,243818,6427,250245,0,999
240,Counter-Strike: Source,"Nov 1, 2004",2004,175426,6808,182234,0,999
3164500,Schedule I,"Mar 24, 2025",2025,200803,3238,204041,0,1999
755790,Ring of Elysium,"Jun 24, 2019",2019,74345,25492,99837,0,0
400,Portal,"Oct 10, 2007",2007,175024,2717,177741,0,999
1222670,The Sims 4,"Jun 18, 2020",2020,149064,21663,170727,0,0
550650,Black Squad,"Jun 26, 2019",2019,62042,19672,81714,0,0
322330,Don't Starve Together,"Apr 21, 2016",2016,475393,23668,499061,0,1499
239140,Dying Light,"Jan 26, 2015",2015,435687,21945,457632,0,2499
477160,Human Fall Flat,"Jul 22, 2016",2016,202253,11387,213640,0,599
251570,7 Days to Die,"Jul 25, 2024",2024,327889,42157,370046,0,4499
100,Counter-Strike: Condition Zero,"Mar 1, 2004",2004,13442,1535,14977,0,999
1665460,eFootball,"Sep 29, 2021",2021,44067,48266,92333,0,0
417910,Street Warriors Online,"Dec 16, 2016",2016,941,693,1634,0,199
433850,Z1 Battle Royale,"Feb 28, 2018",2018,113729,90284,204013,0,0
594650,Hunt: Showdown 1896,"Aug 27, 2019",2019,181110,67110,248220,0,2999
814380,Sekiro: Shadows Die Twice - GOTY Edition,"Mar 21, 2019",2019,307041,15193,322234,0,5999
1116170,CyberCorp,"Apr 22, 2025",2025,266,56,322,0,1499
220,Half-Life 2,"Nov 16, 2004",2004,239721,5906,245627,0,999
107410,Arma 3,"Sep 12, 2013",2013,256128,27136,283264,0,2999
1326470,Sons Of The Forest,"Feb 22, 2024",2024,222495,31051,253546,0,2999
219990,Grim Dawn,"Feb 25, 2016",2016,93489,6241,99730,0,2499
255710,Cities: Skylines,"Mar 10, 2015",2015,256362,19408,275770,0,2999
261550,Mount & Blade II: Bannerlord,"Oct 25, 2022",2022,232360,32031,264391,0,4999
8930,Sid Meier's Civilization V,"Sep 21, 2010",2010,195724,8541,204265,0,749
304050,Trove,"Jul 9, 2015",2015,74103,18267,92370,0,0
289070,Sid Meier’s Civilization VI,"Oct 20, 2016",2016,304053,45867,349920,0,599
377160,Fallout 4,"Nov 9, 2015",2015,326054,66233,392287,0,1999
532210,Life is Strange 2,"Sep 26, 2018",2018,31616,5018,36634,0,3196
2186680,"Warhammer 40,000: Rogue Trader","Dec 7, 2023",2023,26360,4445,30805,0,4999
1238810,Battlefield V,"Oct 22, 2020",2020,177352,72936,250288,0,4999
3241660,R.E.P.O.,"Feb 26, 2025",2025,179154,6488,185642,0,699
221100,DayZ,"Dec 13, 2018",2018,330349,99903,430252,0,4999
526870,Satisfactory,"Sep 10, 2024",2024,225479,6585,232064,0,3999
1089350,NBA 2K20,"Sep 6, 2019",2019,30260,30413,60673,0,0
632360,Risk of Rain 2,"Aug 11, 2020",2020,293127,20450,313577,0,2499
1811260,EA SPORTS FIFA 23,"Sep 30, 2022",2022,86192,65227,151419,0,0
204360,Castle Crashers,"Sep 26, 2012",2012,120733,4865,125598,0,1499
218230,PlanetSide 2,"Nov 20, 2012",2012,59598,14096,73694,0,0
72850,The Elder Scrolls V: Skyrim,"Nov 10, 2011",2011,300915,16364,317279,0,1999
394360,Hearts of Iron IV,"Jun 6, 2016",2016,305168,36982,342150,0,1499
489830,The Elder Scrolls V: Skyrim Special Edition,"Oct 27, 2016",2016,310162,26896,337058,0,3999
322170,Geometry Dash,"Dec 22, 2014",2014,401026,28895,429921,0,499
1446780,MONSTER HUNTER RISE,"Jan 12, 2022",2022,92564,20108,112672,0,3999
224260,No More Room in Hell,"Oct 31, 2013",2013,66753,7500,74253,0,0
203160,Tomb Raider Game of the Year,"Mar 4, 2013",2013,238239,9691,247930,0,1999
275850,No Man's Sky,"Aug 12, 2016",2016,293332,59526,352858,0,5999
367520,Hollow Knight,"Feb 24, 2017",2017,403641,12305,415946,0,1499
301520,Robocraft,"Aug 24, 2017",2017,86240,31815,118055,0,0
767560,War Robots,"Apr 4, 2018",2018,15951,10624,26575,0,0
2050650,Resident Evil 4,"Mar 23, 2023",2023,177539,4169,181708,0,3999
466240,Deceit,"Mar 3, 2017",2017,73606,19421,93027,0,0
284160,BeamNG.drive,"May 29, 2015",2015,313873,8405,322278,0,2499
278360,A Story About My Uncle,"May 28, 2014",2014,26479,2437,28916,0,1499
264710,Subnautica,"Jan 23, 2018",2018,304449,9258,313707,0,2999
80,Counter-Strike: Condition Zero,"Mar 1, 2004",2004,24271,2287,26558,0,999
370910,Kathy Rain,"May 5, 2016",2016,3478,300,3778,0,999
40,Deathmatch Classic,"Jun 1, 2001",2001,2618,545,3163,0,499
275390,Guacamelee! Super Turbo Championship Edition,"Aug 21, 2014",2014,6234,499,6733,0,1499
2881650,Content Warning,"Apr 1, 2024",2024,137483,7608,145091,0,799
311210,Call of Duty: Black Ops III,"Nov 5, 2015",2015,181306,33720,215026,0,1979
333930,Dirty Bomb,"Jun 2, 2015",2015,46464,10703,57167,0,0
1172620,Sea of Thieves: 2026 Edition,"Jun 3, 2020",2020,317074,38164,355238,0,3999
22380,Fallout: New Vegas,"Oct 19, 2010",2010,218763,8937,227700,0,999
250900,The Binding of Isaac: Rebirth,"Nov 4, 2014",2014,334165,9255,343420,0,1499
700330,SCP: Secret Laboratory,"Dec 29, 2017",2017,195923,18386,214309,0,0
10180,Call of Duty: Modern Warfare 2 (2009),"Nov 11, 2009",2009,54145,3973,58118,0,1499
582660,Black Desert,"May 24, 2017",2017,64416,22503,86919,0,999
1229490,ULTRAKILL,"Sep 3, 2020",2020,165867,3884,169751,0,2499
1046930,Dota Underlords,"Jun 20, 2019",2019,74753,16141,90894,0,0
1426210,It Takes Two,"Mar 25, 2021",2021,208042,10341,218383,0,3999
2195250,EA SPORTS FC 24,"Sep 28, 2023",2023,63281,46293,109574,0,6999
2183900,"Warhammer 40,000: Space Marine 2","Sep 9, 2024",2024,134739,27846,162585,0,5999
883710,Resident Evil 2,"Jan 24, 2019",2019,167647,5210,172857,0,3999
219640,Chivalry: Medieval Warfare,"Oct 16, 2012",2012,54016,11428,65444,0,2499
306130,The Elder Scrolls Online,"May 22, 2017",2017,125497,28616,154113,0,1999
244210,Assetto Corsa,"Dec 19, 2014",2014,140238,11153,151391,0,1999
268500,XCOM 2,"Feb 4, 2016",2016,86187,15514,101701,0,299
1794680,Vampire Survivors,"Oct 20, 2022",2022,246479,3855,250334,0,499
1818750,MultiVersus,"Jul 19, 2022",2022,90318,27894,118212,0,0
30,Day of Defeat,"May 1, 2003",2003,6414,688,7102,0,499
236850,Europa Universalis IV,"Aug 13, 2013",2013,116432,18004,134436,0,4999
363970,Clicker Heroes,"May 13, 2015",2015,54989,6315,61304,0,0
379720,DOOM,"May 12, 2016",2016,198001,9278,207279,0,1999
253710,theHunter Classic,"Jun 3, 2014",2014,24959,17994,42953,0,0
273350,Evolve Stage 2,"Feb 10, 2015",2015,33844,14518,48362,0,0
1782210,Crab Game,"Oct 29, 2021",2021,139538,12895,152433,0,0
844870,KurtzPel,"Apr 30, 2019",2019,20936,13480,34416,0,0
601150,Devil May Cry 5,"Mar 7, 2019",2019,140260,5873,146133,0,2999
1286830,STAR WARS: The Old Republic,"Jul 21, 2020",2020,60864,7088,67952,0,0
365670,Blender,"Apr 24, 2015",2015,70186,2695,72881,0,0
319630,Life is Strange - Episode 1,"Jan 29, 2015",2015,162769,6432,169201,0,0
1293830,Forza Horizon 4,"Mar 9, 2021",2021,263942,26975,290917,0,0
1145360,Hades,"Sep 17, 2020",2020,274829,4912,279741,0,2499
671860,BattleBit Remastered,"Jun 15, 2023",2023,120458,22666,143124,0,1499
427520,Factorio,"Aug 14, 2020",2020,208770,6439,215209,0,3500
221380,Age of Empires II (Retired),"Apr 9, 2013",2013,97083,4268,101351,0,1999
231430,Company of Heroes 2,"Jun 25, 2013",2013,86713,23112,109825,0,1999
813820,Realm Royale,"Jun 5, 2018",2018,43223,13520,56743,0,0
594570,Total War: WARHAMMER II,"Sep 28, 2017",2017,114776,9476,124252,0,5999
391540,Undertale,"Sep 15, 2015",2015,264082,8850,272932,0,999
976730,Halo: The Master Chief Collection,"Dec 3, 2019",2019,223635,18432,242067,0,3999
646570,Slay the Spire,"Jan 23, 2019",2019,178250,4027,182277,0,624
588650,Dead Cells,"Aug 6, 2018",2018,163549,4915,168464,0,2499
268910,Cuphead,"Sep 29, 2017",2017,179894,6941,186835,0,1999
439700,Z1 Battle Royale: Test Server,"Feb 24, 2016",2016,1341,1224,2565,0,0
500,Left 4 Dead,"Nov 17, 2008",2008,59622,2272,61894,0,999
1118200,People Playground,"Jul 23, 2019",2019,277746,4017,281763,0,999
620,Portal 2,"Apr 18, 2011",2011,427835,5675,433510,0,999
1551360,Forza Horizon 5,"Nov 8, 2021",2021,199950,25679,225629,0,5999
1049590,Eternal Return,"Jul 19, 2023",2023,51694,13352,65046,0,0
380,Half-Life 2: Episode One,"Jun 1, 2006",2006,30478,1344,31822,0,1999
360,Half-Life Deathmatch: Source,"May 1, 2006",2006,3657,1242,4899,0,999
779340,Total War: THREE KINGDOMS,"May 23, 2019",2019,74951,28794,103745,0,5999
233450,Prison Architect,"Oct 6, 2015",2015,64439,7891,72330,0,2999
782330,DOOM Eternal,"Mar 19, 2020",2020,187807,18219,206026,0,3999
223710,Cry of Fear,"Apr 25, 2013",2013,65852,8556,74408,0,0
513710,SCUM,"Jun 17, 2025",2025,83704,28411,112115,0,4499
677620,Splitgate: Arena Warfare,"May 24, 2019",2019,102336,9404,111740,0,0
1677740,Stumble Guys,"Oct 7, 2021",2021,108841,19170,128011,0,0
109600,Neverwinter,"Dec 5, 2013",2013,29947,8638,38585,0,0
397900,Business Tour - Board Game with Online Multiplayer,"Jul 27, 2017",2017,46567,30205,76772,0,0
420,Half-Life 2: Episode Two,"Oct 10, 2007",2007,40556,1226,41782,0,1999
698780,Doki Doki Literature Club!,"Oct 6, 2017",2017,203247,7470,210717,0,0
435150,Divinity: Original Sin 2 - Definitive Edition,"Sep 14, 2017",2017,182166,7958,190124,0,4499
1100600,Football Manager 2020,"Nov 19, 2019",2019,28341,3401,31742,0,0
1604030,V Rising,"May 8, 2024",2024,106197,13243,119440,0,3499
534380,Dying Light 2 Stay Human: Reloaded Edition,"Feb 3, 2022",2022,154122,40708,194830,0,5999
766570,Russian Fishing 4,"Nov 10, 2021",2021,39598,33887,73485,0,0
548430,Deep Rock Galactic,"May 13, 2020",2020,333587,9413,343000,0,899
294100,RimWorld,"Oct 17, 2018",2018,206216,4301,210517,0,3499
273110,Counter-Strike Nexon: Studio,"Oct 7, 2014",2014,28373,14329,42702,0,0
868270,The Cycle: Frontier,"Jun 8, 2022",2022,28893,16529,45422,0,0
863550,HITMAN 2,"Nov 13, 2018",2018,68165,6778,74943,0,0
1237970,Titanfall 2,"Jun 18, 2020",2020,244524,11664,256188,0,2999
555570,Infestation: The New Z,"Nov 22, 2016",2016,18200,15615,33815,0,0
10190,Call of Duty: Modern Warfare 2 (2009),"Nov 11, 2009",2009,31945,2927,34872,0,1499
424840,Little Nightmares,"Apr 27, 2017",2017,104472,5724,110196,0,1999
2669320,EA SPORTS FC 25,"Sep 26, 2024",2024,37253,37543,74796,0,6999
518790,theHunter: Call of the Wild,"Feb 16, 2017",2017,157641,19969,177610,0,1999
365590,Tom Clancy’s The Division,"Mar 7, 2016",2016,65652,27546,93198,0,2999
223470,POSTAL 2,"Nov 2, 2012",2012,112414,3644,116058,0,999
241930,Middle-earth: Shadow of Mordor,"Sep 30, 2014",2014,83849,6866,90715,0,1999
346900,AdVenture Capitalist,"Mar 30, 2015",2015,51968,7198,59166,0,0
3240220,Grand Theft Auto V Enhanced,"Mar 4, 2025",2025,38595,17286,55881,0,2999
440900,Conan Exiles Enhanced,"May 8, 2018",2018,84575,22890,107465,0,2999
374320,DARK SOULS III,"Apr 11, 2016",2016,390326,23449,413775,0,5999
1868140,DAVE THE DIVER,"Jun 28, 2023",2023,125422,3909,129331,0,1999
304390,FOR HONOR,"Feb 13, 2017",2017,104468,45788,150256,0,2999
208090,Loadout,"Jan 31, 2014",2014,34218,5094,39312,0,0
48700,Mount & Blade: Warband,"Mar 31, 2010",2010,162632,3773,166405,0,1999
2630,Call of Duty 2,"Oct 13, 2006",2006,9804,670,10474,0,1499
12210,Grand Theft Auto IV: The Complete Edition,"Mar 24, 2020",2020,144493,30691,175184,0,1999
1144200,Ready or Not,"Dec 13, 2023",2023,210654,25542,236196,0,4999
113400,APB Reloaded,"Dec 6, 2011",2011,23693,13599,37292,0,0
1332010,Stray,"Jul 19, 2022",2022,152312,4295,156607,0,2999
206420,Saints Row IV: Re-Elected,"Aug 19, 2013",2013,67768,9376,77144,0,1999
380600,Fishing Planet,"Aug 28, 2017",2017,57004,8695,65699,0,0
225540,Just Cause 3,"Nov 30, 2015",2015,102532,19629,122161,0,1999
285800,Braveland,"Mar 17, 2014",2014,2555,577,3132,0,999
286690,Metro 2033 Redux,"Aug 25, 2014",2014,101543,9424,110967,0,1999
223750,DCS World Steam Edition,"Aug 2, 2013",2013,31661,5528,37189,0,0
1593500,God of War,"Jan 14, 2022",2022,151706,6311,158017,0,4999
386180,Crossout,"Jul 26, 2017",2017,48219,15920,64139,0,0
1238840,Battlefield 1,"Jun 11, 2020",2020,166775,26046,192821,0,3999
812140,Assassin's Creed Odyssey,"Oct 5, 2018",2018,153091,19102,172193,0,5999
1721470,Poppy Playtime,"Oct 12, 2021",2021,84113,14801,98914,0,0
960090,Bloons TD 6,"Dec 17, 2018",2018,344269,9691,353960,0,1399
55230,Saints Row: The Third,"Nov 14, 2011",2011,65644,2956,68600,0,999
262060,Darkest Dungeon,"Jan 19, 2016",2016,137026,12430,149456,0,2499
761890,Albion Online,"May 16, 2018",2018,65583,17491,83074,0,0
2001120,Split Fiction,"Mar 6, 2025",2025,79546,2012,81558,0,4999
281990,Stellaris,"May 9, 2016",2016,159527,25906,185433,0,3999
252130,Divide By Sheep,"Jul 2, 2015",2015,2376,246,2622,0,499
211820,Starbound,"Jul 22, 2016",2016,152150,12756,164906,0,1499
8190,Just Cause 2,"Mar 23, 2010",2010,46001,4738,50739,0,1499
6060,"STAR WARS Battlefront II (Classic, 2005)","Jul 8, 2009",2009,50396,2891,53287,0,999
508440,Totally Accurate Battle Simulator,"Apr 1, 2021",2021,132974,2969,135943,0,1999
115300,Call of Duty: Modern Warfare 3 (2011),"Nov 8, 2011",2011,33647,4306,37953,0,1999
42910,Magicka,"Jan 25, 2011",2011,26997,4365,31362,0,999
39210,FINAL FANTASY XIV Online,"Feb 18, 2014",2014,70254,9782,80036,0,1999
1222680,Need for Speed Heat,"Jun 4, 2020",2020,111482,21373,132855,0,6999
351940,The Descendant,"Mar 24, 2016",2016,6312,811,7123,0,1499
1250,Killing Floor,"May 14, 2009",2009,64024,3448,67472,0,1999
2623190,The Elder Scrolls IV: Oblivion Remastered,"Apr 22, 2025",2025,42316,10242,52558,0,4999
323190,Frostpunk,"Apr 24, 2018",2018,114315,9231,123546,0,2999
1716740,Starfield,"Sep 5, 2023",2023,93942,71585,165527,0,4999
813780,Age of Empires II: Definitive Edition,"Nov 14, 2019",2019,154061,8401,162462,0,3499
630,Alien Swarm,"Jul 19, 2010",2010,20179,1095,21274,0,0
57300,Amnesia: The Dark Descent,"Sep 8, 2010",2010,32258,1850,34108,0,1999
395170,DISTRAINT: Deluxe Edition,"Oct 21, 2015",2015,11408,834,12242,0,499
20920,The Witcher 2: Assassins of Kings Enhanced Edition,"Apr 16, 2012",2012,77950,9114,87064,0,1999
212680,FTL: Faster Than Light,"Sep 14, 2012",2012,71561,3491,75052,0,999
504370,Battlerite,"Nov 8, 2017",2017,50196,9152,59348,0,0
286160,Tabletop Simulator,"Jun 5, 2015",2015,66735,3925,70660,0,1999
311690,Enter the Gungeon,"Apr 5, 2016",2016,81669,3893,85562,0,1499
355840,Survarium,"Apr 2, 2015",2015,13832,11623,25455,0,0
1145350,Hades II,"Sep 25, 2025",2025,60844,3288,64132,0,2999
1366800,Crosshair X,"Aug 17, 2020",2020,29275,2077,31352,0,999
1196590,Resident Evil Village,"May 6, 2021",2021,114131,5219,119350,0,3999
613100,House Flipper,"May 17, 2018",2018,89596,5548,95144,0,2499
1172380,STAR WARS Jedi: Fallen Order,"Nov 14, 2019",2019,140485,18094,158579,0,3999
202970,Call of Duty: Black Ops II,"Nov 12, 2012",2012,40563,6454,47017,0,5999
304430,INSIDE,"Jul 7, 2016",2016,65954,2092,68046,0,2499
3590,Plants vs. Zombies GOTY Edition,"May 5, 2009",2009,136574,3351,139925,0,499
1260320,Party Animals,"Sep 20, 2023",2023,50198,13834,64032,0,1999
33930,Arma 2: Operation Arrowhead,"Jun 29, 2010",2010,20414,1676,22090,0,1999
212500,The Lord of the Rings Online,"Jun 6, 2012",2012,17099,3896,20995,0,0
457140,Oxygen Not Included,"Jul 30, 2019",2019,124220,4170,128390,0,2499
620980,Beat Saber,"May 21, 2019",2019,71341,3271,74612,0,2999
1222140,Detroit: Become Human,"Jun 18, 2020",2020,162047,7152,169199,0,3999
1817070,Marvel’s Spider-Man Remastered,"Aug 12, 2022",2022,107786,4606,112392,0,5999
205100,Dishonored,"Oct 8, 2012",2012,80427,1943,82370,0,999
24240,PAYDAY The Heist,"Oct 20, 2011",2011,37570,2653,40223,0,999
1506830,FIFA 22,"Oct 1, 2021",2021,97293,23578,120871,0,0
871720,Ultimate Custom Night,"Jun 27, 2018",2018,55394,2879,58273,0,0
962130,Grounded,"Sep 27, 2022",2022,75482,9035,84517,0,3999
356190,Middle-earth: Shadow of War,"Oct 9, 2017",2017,95053,12165,107218,0,4999
274190,Broforce,"Oct 15, 2015",2015,57080,1800,58880,0,1499
234140,Mad Max,"Sep 1, 2015",2015,76230,6430,82660,0,1999
8500,EVE Online,"Dec 15, 2010",2010,26813,9575,36388,0,0
552520,Far Cry 5,"Mar 26, 2018",2018,140377,33100,173477,0,5999
7670,BioShock,"Aug 21, 2007",2007,29127,1804,30931,0,1999
760160,Vampire: The Masquerade - Bloodhunt,"Apr 27, 2022",2022,43433,13651,57084,0,0
1203620,Enshrouded,"Jan 24, 2024",2024,67486,10594,78080,0,2999
270880,American Truck Simulator,"Feb 2, 2016",2016,169735,5552,175287,0,1999
601510,Yu-Gi-Oh! Duel Links,"Nov 16, 2017",2017,36345,7285,43630,0,0
397540,Borderlands 3,"Mar 13, 2020",2020,125248,23817,149065,0,5999
12120,Grand Theft Auto: San Andreas,"Jan 4, 2008",2008,76056,6573,82629,0,0
236870,HITMAN,"Mar 11, 2016",2016,30973,6227,37200,0,0
674940,Stick Fight: The Game,"Sep 28, 2017",2017,114720,7938,122658,0,499
884660,CRSED: F.O.A.D.,"Jun 15, 2018",2018,30411,8179,38590,0,0
701160,Kingdom Two Crowns,"Dec 11, 2018",2018,6244,819,7063,0,1999
1832640,Mirror 2: Project X,"Jan 20, 2022",2022,28726,87986,116712,0,199
208650,Batman: Arkham Knight,"Jun 23, 2015",2015,124147,15901,140048,0,1999
48000,LIMBO,"Aug 2, 2011",2011,53043,4241,57284,0,1249
2379780,Balatro,"Feb 20, 2024",2024,150524,3042,153566,0,1199
298110,Far Cry 4,"Nov 17, 2014",2014,51618,9649,61267,0,2999
42710,Call of Duty: Black Ops,"Nov 9, 2010",2010,15124,2010,17134,0,3999
200710,Torchlight II,"Sep 20, 2012",2012,41131,3210,44341,0,1999
203770,Crusader Kings II,"Feb 14, 2012",2012,66359,7450,73809,0,0
1903340,Clair Obscur: Expedition 33,"Apr 24, 2025",2025,106216,4816,111032,0,4999
244850,Space Engineers,"Feb 28, 2019",2019,117204,15143,132347,0,999
1366540,Dyson Sphere Program,"Jan 20, 2021",2021,83095,1993,85088,0,1999
2709570,Supermarket Together,"Aug 9, 2024",2024,63994,3441,67435,0,0
201270,Total War: SHOGUN 2,"Mar 15, 2011",2011,58839,5437,64276,0,2999
389730,TEKKEN 7,"Jun 1, 2017",2017,77227,15580,92807,0,3999
10090,Call of Duty: World at War,"Nov 18, 2008",2008,46665,3884,50549,0,1999
1259420,Days Gone,"May 17, 2021",2021,95697,7446,103143,0,3999
261640,Borderlands: The Pre-Sequel,"Oct 13, 2014",2014,33577,8802,42379,0,3999
220200,Kerbal Space Program,"Apr 27, 2015",2015,121084,6078,127162,0,999
1142710,Total War: WARHAMMER III,"Feb 16, 2022",2022,87141,32717,119858,0,5999
265630,Fistful of Frags,"May 9, 2014",2014,33130,3132,36262,0,0
219150,Hotline Miami,"Oct 23, 2012",2012,103599,3058,106657,0,999
418460,Rising Storm 2: Vietnam,"May 30, 2017",2017,49952,7611,57563,0,2499
312990,The Expendabros,"Aug 5, 2014",2014,17661,513,18174,0,0
211500,RaceRoom Racing Experience,"Feb 12, 2013",2013,17812,5806,23618,0,0
506540,Last Man Standing,"Mar 29, 2017",2017,10776,6811,17587,0,0
20900,The Witcher: Enhanced Edition Director's Cut,"Sep 19, 2008",2008,73569,9135,82704,0,999
552500,Warhammer: Vermintide 2,"Mar 8, 2018",2018,113489,20234,133723,0,2999
1057090,Ori and the Will of the Wisps,"Mar 10, 2020",2020,131989,4701,136690,0,2999
359320,Elite Dangerous,"Apr 2, 2015",2015,77388,22636,100024,0,1999
214950,Total War: ROME II - Emperor Edition,"Sep 2, 2013",2013,73559,14614,88173,0,5999
9480,Saints Row 2,"Jan 7, 2009",2009,15420,5046,20466,0,999
245170,Skullgirls 2nd Encore,"Aug 22, 2013",2013,29623,11230,40853,0,2499
207610,The Walking Dead,"Apr 24, 2012",2012,71633,1995,73628,0,1499
35450,Red Orchestra 2: Heroes of Stalingrad with Rising Storm,"Sep 13, 2011",2011,34765,2863,37628,0,299
285900,Gang Beasts,"Dec 12, 2017",2017,51267,9003,60270,0,1999
232090,Killing Floor 2,"Nov 18, 2016",2016,111325,15541,126866,0,2999
42680,Call of Duty: Modern Warfare 3 (2011),"Nov 8, 2011",2011,21320,3686,25006,0,1999
918570,Century: Age of Ashes,"Dec 2, 2021",2021,13226,4514,17740,0,0
1771300,Kingdom Come: Deliverance II,"Feb 4, 2025",2025,96279,6058,102337,0,5999
447040,Watch_Dogs 2,"Nov 28, 2016",2016,68213,14166,82379,0,4999
200510,XCOM: Enemy Unknown,"Oct 8, 2012",2012,52717,3697,56414,0,599
361420,ASTRONEER,"Feb 5, 2019",2019,118817,10139,128956,0,2999
209080,Guns of Icarus Online,"Oct 29, 2012",2012,13172,1473,14645,0,499
307780,Mortal Kombat X,"Apr 13, 2015",2015,48077,8175,56252,0,399
335240,Transformice,"Jan 30, 2015",2015,24320,3341,27661,0,0
403640,Dishonored 2,"Nov 11, 2016",2016,56155,6627,62782,0,2999
99900,Spiral Knights,"Jun 14, 2011",2011,19869,3789,23658,0,0
1289310,Helltaker,"May 11, 2020",2020,122115,2803,124918,0,0
287700,METAL GEAR SOLID V: THE PHANTOM PAIN,"Sep 1, 2015",2015,91675,8247,99922,0,1999
460930,Tom Clancy's Ghost Recon Wildlands,"Mar 6, 2017",2017,77138,19439,96577,0,4999
219740,Don't Starve,"Apr 23, 2013",2013,106118,3698,109816,0,999
96000,The Tiny Bang Story,"Apr 22, 2011",2011,5630,821,6451,0,499
35720,Trine 2: Complete Story,"Jun 6, 2013",2013,20682,997,21679,0,1999
387990,Scrap Mechanic,"Jan 19, 2016",2016,104512,8771,113283,0,1999
880940,Pummel Party,"Sep 20, 2018",2018,47800,6014,53814,0,1499
409710,BioShock Remastered,"Sep 15, 2016",2016,47962,10301,58263,0,1999
686810,Hell Let Loose,"Jul 27, 2021",2021,113447,24230,137677,0,4999
418370,Resident Evil 7 Biohazard,"Jan 23, 2017",2017,93214,4632,97846,0,1999
50130,Mafia II (Classic),"Mar 22, 2011",2011,51876,3121,54997,0,2999
1454400,Cookie Clicker,"Sep 1, 2021",2021,77218,2674,79892,0,499
379430,Kingdom Come: Deliverance,"Feb 13, 2018",2018,136446,25760,162206,0,2999
274170,Hotline Miami 2: Wrong Number,"Mar 10, 2015",2015,62741,3893,66634,0,1499
232770,POSTAL,"Nov 14, 1997",1997,10023,1000,11023,0,6795
1363080,Manor Lords,"Apr 26, 2024",2024,62224,9896,72120,0,3999
585690,Minimalism,"Feb 8, 2017",2017,1276,465,1741,0,99
289650,Assassin's Creed Unity,"Nov 11, 2014",2014,58065,16229,74294,0,2999
17410,Mirror's Edge,"Jan 14, 2009",2009,32983,4669,37652,0,1999
4560,Company of Heroes - Legacy Edition,"Jul 17, 2007",2007,6540,457,6997,0,3699
2479810,Gray Zone Warfare,"Apr 30, 2024",2024,40235,19083,59318,0,3999
233130,Shadow Warrior,"Sep 26, 2013",2013,24071,2080,26151,0,2999
1056960,Wolfenstein: Youngblood,"Jul 25, 2019",2019,6360,8083,14443,0,1999
976310,Mortal Kombat 11,"Apr 23, 2019",2019,93635,12646,106281,0,499
202990,Call of Duty: Black Ops II,"Nov 12, 2012",2012,27100,4790,31890,0,5999
355180,Codename CURE,"Oct 31, 2017",2017,13960,2518,16478,0,0
678950,DRAGON BALL FighterZ,"Jan 26, 2018",2018,65978,6998,72976,0,1439
1151340,Fallout 76,"Apr 14, 2020",2020,89334,33215,122549,0,3999
299360,Block N Load,"Apr 30, 2015",2015,11944,3237,15181,0,0
213670,South Park: The Stick of Truth,"Mar 3, 2014",2014,66636,1669,68305,0,2999
262410,World of Guns: Gun Disassembly,"May 21, 2014",2014,16184,3058,19242,0,0
224600,Defiance,"Jun 4, 2014",2014,9676,2964,12640,0,0
368230,Kingdom: Classic,"Oct 21, 2015",2015,20023,2065,22088,0,0
3097560,Liar's Bar,"Oct 2, 2024",2024,44341,4209,48550,0,699
335300,DARK SOULS II: Scholar of the First Sin,"Apr 1, 2015",2015,98052,18658,116710,0,3999
233860,Kenshi,"Dec 6, 2018",2018,93712,4423,98135,0,2999
391720,Layers of Fear (2016),"Feb 15, 2016",2016,23576,3040,26616,0,1999
240720,Getting Over It with Bennett Foddy,"Dec 6, 2017",2017,63479,13524,77003,0,799
838350,The Scroll Of Taiwu,"Sep 20, 2018",2018,42350,18287,60637,0,2999
238320,Outlast,"Sep 4, 2013",2013,121220,4458,125678,0,1499
282070,This War of Mine,"Nov 14, 2014",2014,94484,7256,101740,0,299
412020,Metro Exodus,"Feb 14, 2020",2020,108945,12370,121315,0,2999
1158310,Crusader Kings III,"Sep 1, 2020",2020,114259,12650,126909,0,4999
2567870,Chained Together,"Jun 19, 2024",2024,48180,4958,53138,0,499
265930,Goat Simulator,"Apr 1, 2014",2014,62249,6331,68580,0,199
214490,Alien: Isolation,"Oct 6, 2014",2014,56716,4115,60831,0,3999
362890,Black Mesa,"Mar 6, 2020",2020,121562,6131,127693,0,1999
438740,Friday the 13th: The Game,"May 25, 2017",2017,62069,15444,77513,0,0
617290,Remnant: From the Ashes,"Aug 19, 2019",2019,44761,8081,52842,0,3999
588430,Fallout Shelter,"Mar 29, 2017",2017,65847,8601,74448,0,0
1943950,Escape the Backrooms,"Oct 23, 2025",2025,93330,9199,102529,0,999
203140,Hitman: Absolution,"Nov 19, 2012",2012,51769,3932,55701,0,1999
12100,Grand Theft Auto III,"Jan 4, 2008",2008,12654,1946,14600,0,0
905370,Conqueror's Blade,"May 30, 2019",2019,22576,7558,30134,0,0
1056640,Phantasy Star Online 2,"Aug 5, 2020",2020,16848,7196,24044,0,0
1942280,Brotato,"Jun 23, 2023",2023,94525,3276,97801,0,499
238460,BattleBlock Theater,"May 15, 2014",2014,69617,1997,71614,0,1499
38400,Fallout: A Post Nuclear Role Playing Game,"Nov 1, 2015",2015,20902,1296,22198,0,999
881020,Granblue Fantasy: Relink,"Jan 31, 2024",2024,43116,4883,47999,0,3999
65800,Dungeon Defenders,"Oct 18, 2011",2011,16818,1242,18060,0,1499
204880,Sins of a Solar Empire: Rebellion,"Jun 12, 2012",2012,14919,1096,16015,0,1999
235460,METAL GEAR RISING: REVENGEANCE,"Jan 9, 2014",2014,79993,3300,83293,0,2999
581320,Insurgency: Sandstorm,"Dec 12, 2018",2018,107857,19061,126918,0,2999
34330,Total War: SHOGUN 2,"Mar 15, 2011",2011,22620,2332,24952,0,2999
387290,Ori and the Blind Forest: Definitive Edition,"Apr 27, 2016",2016,63788,3191,66979,0,1999
728880,Overcooked! 2,"Aug 7, 2018",2018,65992,6809,72801,0,2499
391220,Rise of the Tomb Raider,"Feb 9, 2016",2016,128080,8100,136180,0,2999
8870,BioShock Infinite,"Mar 25, 2013",2013,131970,8712,140682,0,2999
372000,Tree of Savior (English Ver.),"Mar 28, 2016",2016,13046,7265,20311,0,0
239030,"Papers, Please","Aug 8, 2013",2013,72168,2019,74187,0,999
629760,MORDHAU,"Apr 29, 2019",2019,90102,22098,112200,0,2999
646910,The Crew 2,"Jun 28, 2018",2018,72724,21141,93865,0,2999
367500,Dragon's Dogma: Dark Arisen,"Jan 15, 2016",2016,41310,5376,46686,0,2999
13520,Far Cry,"Apr 1, 2008",2008,8406,1853,10259,0,999
967050,Pacify,"Feb 22, 2019",2019,36071,5620,41691,0,499
648350,Jurassic World Evolution,"Jun 11, 2018",2018,47081,6875,53956,0,4499
2399830,ARK: Survival Ascended,"Oct 25, 2023",2023,44880,31115,75995,0,4499
471710,Rec Room,"Sep 2, 2021",2021,63756,7467,71223,0,0
1372880,The Day Before,"Dec 7, 2023",2023,3686,19751,23437,0,0
524220,NieR:Automata,"Mar 17, 2017",2017,122027,18142,140169,0,3999
305620,The Long Dark,"Aug 1, 2017",2017,101846,10729,112575,0,1999
475150,Titan Quest Anniversary Edition,"Aug 31, 2016",2016,32295,3226,35521,0,399
47870,Need For Speed: Hot Pursuit,"Dec 14, 2010",2010,16490,3487,19977,0,0
629520,Soundpad,"Sep 30, 2017",2017,84918,3466,88384,0,499
282440,Quake Live,"Sep 17, 2014",2014,13303,2074,15377,0,999
1304930,The Outlast Trials,"Mar 5, 2024",2024,62533,4423,66956,0,3999
550900,Metin2,"May 8, 2017",2017,10212,4355,14567,0,0
33230,Assassin's Creed 2,"Mar 9, 2010",2010,48815,5831,54646,0,1999
427730,Who's Your Daddy?!,"May 13, 2016",2016,24318,6091,30409,0,999
221040,Resident Evil 6,"Mar 21, 2013",2013,42993,11727,54720,0,1999
1274570,DEVOUR,"Jan 28, 2021",2021,75057,7457,82514,0,999
1222700,A Way Out,"Jun 18, 2020",2020,72313,10149,82462,0,2999
1468810,鬼谷八荒 Tale of Immortal,"May 26, 2023",2023,121020,106084,227104,0,1999
287390,Metro: Last Light Redux,"Aug 25, 2014",2014,63534,6562,70096,0,1999
570940,DARK SOULS: REMASTERED,"May 23, 2018",2018,119152,10147,129299,0,3999
1272080,PAYDAY 3,"Sep 21, 2023",2023,25497,33195,58692,0,2999
316010,Magic Duels,"Jul 29, 2015",2015,16916,6928,23844,0,0
105450,Age of Empires III (2007),"Jan 5, 2012",2012,29126,2913,32039,0,0
1167630,Teardown,"Apr 21, 2022",2022,104653,4809,109462,0,2999
11020,TrackMania Nations Forever,"Apr 16, 2008",2008,21244,2359,23603,0,0
12200,Bully: Scholarship Edition,"Oct 21, 2008",2008,30730,5604,36334,0,1499
881100,Noita,"Oct 15, 2020",2020,74759,3718,78477,0,799
1313140,Cult of the Lamb,"Aug 11, 2022",2022,98711,4517,103228,0,2499
261570,Ori and the Blind Forest,"Mar 10, 2015",2015,54150,3262,57412,0,0
1361210,"Warhammer 40,000: Darktide","Nov 30, 2022",2022,80268,32692,112960,0,3999
221910,The Stanley Parable,"Oct 17, 2013",2013,41582,3400,44982,0,1499
238090,Sniper Elite 3,"Jun 27, 2014",2014,22323,4794,27117,0,2999
242720,GunZ 2: The Second Duel,"May 1, 2014",2014,7055,3622,10677,0,0
1250410,Microsoft Flight Simulator (2020) 40th Anniversary Edition,"Aug 17, 2020",2020,51794,13872,65666,0,5999
644930,They Are Billions,"Jun 18, 2019",2019,41508,7257,48765,0,2999
641990,The Escapists 2,"Aug 21, 2017",2017,28948,3000,31948,0,1999
1254120,Bless Unleashed,"Aug 6, 2021",2021,16259,14611,30870,0,0
222880,Insurgency,"Jan 22, 2014",2014,114570,10301,124871,0,1499
201790,Orcs Must Die! 2,"Jul 30, 2012",2012,17917,1371,19288,0,1499
1569040,Football Manager 2022,"Nov 9, 2021",2021,19861,1599,21460,0,0
203290,America's Army: Proving Grounds,"Aug 29, 2013",2013,8637,2315,10952,0,0
2670630,Supermarket Simulator,"Jun 19, 2025",2025,64104,4237,68341,0,1999
286570,F1 2015,"Jul 9, 2015",2015,4720,3172,7892,0,0
787860,Farming Simulator 19,"Nov 19, 2018",2018,70448,4172,74620,0,1799
466560,Northgard: Definitive Edition,"Mar 7, 2018",2018,55844,8851,64695,0,3499
207140,SpeedRunners,"Apr 19, 2016",2016,34525,2215,36740,0,1499
1092790,Inscryption,"Oct 19, 2021",2021,127792,4098,131890,0,799
431240,Golf With Your Friends,"May 19, 2020",2020,59105,7975,67080,0,239
248570,Toribash,"May 16, 2014",2014,14775,1928,16703,0,0
107100,Bastion,"Aug 16, 2011",2011,35661,1731,37392,0,1499
209000,Batman: Arkham Origins,"Oct 24, 2013",2013,51192,6071,57263,0,1999
24960,Battlefield: Bad Company 2,"Mar 2, 2010",2010,31749,5438,37187,0,0
848450,Subnautica: Below Zero,"May 13, 2021",2021,87607,9053,96660,0,2999
286940,S.K.I.L.L. - Special Force 2 (Shooter),"May 19, 2015",2015,8049,3267,11316,0,0
740130,Tales of ARISE,"Nov 8, 2023",2023,30379,4403,34782,0,4999
17390,SPORE,"Dec 19, 2008",2008,61124,4996,66120,0,1999
530700,Argo,"Jun 22, 2017",2017,5610,5315,10925,0,0
2622380,ELDEN RING NIGHTREIGN,"May 29, 2025",2025,48901,16771,65672,0,3999
220240,Far Cry 3,"Dec 4, 2012",2012,101914,12105,114019,0,499
1217060,Gunfire Reborn,"Nov 17, 2021",2021,92655,6517,99172,0,1999
1248130,Farming Simulator 22,"Nov 21, 2021",2021,78110,6402,84512,0,1999
437900,Party Jousting,"Mar 1, 2016",2016,662,61,723,0,0
635260,CarX Drift Racing Online,"Nov 17, 2017",2017,79504,3912,83416,0,1699
259080,Just Cause 2: Multiplayer Mod,"Dec 16, 2013",2013,13558,1246,14804,0,0
414340,Hellblade: Senua's Sacrifice,"Aug 7, 2017",2017,66212,7260,73472,0,2999
42700,Call of Duty: Black Ops,"Nov 9, 2010",2010,36530,3695,40225,0,3999
108710,Alan Wake,"Feb 16, 2012",2012,44449,4714,49163,0,1499
55100,Homefront,"Mar 14, 2011",2011,7787,4980,12767,0,1999
1520470,封灵档案,"Mar 29, 2021",2021,21945,4737,26682,0,0
644560,Mirror,"Apr 19, 2018",2018,80419,2554,82973,0,199
1263850,Football Manager 2021,"Nov 24, 2020",2020,22342,1558,23900,0,0
407530,ARK: Survival Of The Fittest,"Aug 29, 2017",2017,7766,3926,11692,0,449
774171,Muse Dash,"Jun 19, 2019",2019,107491,11938,119429,0,299
279720,The I of the Dragon,"Mar 6, 2015",2015,676,321,997,0,799
201810,Wolfenstein: The New Order,"May 19, 2014",2014,51691,4778,56469,0,1999
319510,Five Nights at Freddy's,"Aug 19, 2014",2014,48831,3406,52237,0,499
1888160,ARMORED CORE VI FIRES OF RUBICON,"Aug 24, 2023",2023,70425,6617,77042,0,5999
310950,Street Fighter V,"Feb 15, 2016",2016,29529,14122,43651,0,1999
674020,World War 3,"Dec 10, 2022",2022,29495,25034,54529,0,0
952060,Resident Evil 3,"Apr 2, 2020",2020,74536,16699,91235,0,3999
949230,Cities: Skylines II,"Oct 24, 2023",2023,38697,34827,73524,0,3499
1466860,Age of Empires IV: Anniversary Edition,"Oct 28, 2021",2021,69559,11311,80870,0,3999
388410,Darksiders II Deathinitive Edition,"Nov 5, 2015",2015,14223,3887,18110,0,449
1904540,Football Manager 2023,"Nov 8, 2022",2022,17645,2012,19657,0,0
544810,KARDS - The WWII Card Game,"Apr 15, 2020",2020,28543,10136,38679,0,0
611500,Quake Champions,"Aug 18, 2022",2022,28297,10068,38365,0,0
50,Half-Life: Opposing Force,"Nov 1, 1999",1999,24363,1198,25561,0,499
1408720,Krunker,"Feb 1, 2021",2021,21147,5599,26746,0,0
310560,DiRT Rally,"Dec 7, 2015",2015,34981,4810,39791,0,0
1845910,Dragon Age: The Veilguard,"Oct 31, 2024",2024,28118,12361,40479,0,5999
254700,Resident Evil 4 (2005),"Feb 27, 2014",2014,77003,5431,82434,0,1999
1029690,Sniper Elite 5,"May 25, 2022",2022,18453,3750,22203,0,4999
12220,Grand Theft Auto: Episodes from Liberty City,"Apr 12, 2010",2010,7524,2647,10171,0,0
308040,Back to Bed,"Aug 6, 2014",2014,2296,537,2833,0,599
815370,Green Hell,"Sep 5, 2019",2019,69304,11300,80604,0,2499
470220,UNO,"Jan 3, 2017",2017,37173,14345,51518,0,999
302830,BLOCKADE 3D,"Dec 19, 2014",2014,14974,10584,25558,0,0
242920,Banished,"Feb 18, 2014",2014,38173,4073,42246,0,1999
236110,Dungeon Defenders II,"Jun 20, 2017",2017,16882,4941,21823,0,0
383870,Firewatch,"Feb 9, 2016",2016,81777,8661,90438,0,1999
1237950,STAR WARS Battlefront II,"Jun 11, 2020",2020,62342,8866,71208,0,3999
1399780,Spellbreak,"Dec 15, 2020",2020,12119,1887,14006,0,0
312660,Sniper Elite 4,"Feb 13, 2017",2017,53923,5232,59155,0,5999
502500,ACE COMBAT 7: SKIES UNKNOWN,"Jan 31, 2019",2019,42202,5990,48192,0,5999
632470,Disco Elysium - The Final Cut,"Oct 15, 2019",2019,104010,7702,111712,0,3999
200260,Batman: Arkham City - Game of the Year Edition,"Sep 7, 2012",2012,65947,2689,68636,0,1999
393380,Squad,"Sep 23, 2020",2020,175088,35463,210551,0,4999
40800,Super Meat Boy,"Nov 30, 2010",2010,33571,1923,35494,0,1499
303390,Dead Bits,"Jun 7, 2014",2014,5141,3408,8549,0,499
280,Half-Life: Source,"Jun 1, 2004",2004,11068,4988,16056,0,999
783770,Ironsight,"Jun 19, 2019",2019,16204,6206,22410,0,0
212070,Star Conflict,"Feb 27, 2013",2013,10879,3974,14853,0,0
110800,L.A. Noire,"Nov 8, 2011",2011,29214,4812,34026,0,1999
50300,Spec Ops: The Line,"Jun 29, 2012",2012,51267,3642,54909,0,0
41070,Serious Sam 3: BFE,"Nov 22, 2011",2011,24491,3224,27715,0,2999
1284210,Guild Wars 2,"Aug 23, 2022",2022,19151,2392,21543,0,0
485510,Nioh: Complete Edition,"Nov 7, 2017",2017,27867,7025,34892,0,4999
35700,Trine Enchanted Edition,"Jul 2, 2009",2009,14696,649,15345,0,1499
210770,Sanctum 2,"May 15, 2013",2013,12856,1435,14291,0,1499
282140,SOMA,"Sep 21, 2015",2015,43530,1835,45365,0,2999
495420,State of Decay 2: Juggernaut Edition,"Mar 13, 2020",2020,52001,10715,62716,0,2999
323580,Jotun: Valhalla Edition,"Sep 29, 2015",2015,6536,1905,8441,0,1499
225260,Brutal Legend,"Feb 26, 2013",2013,17657,1314,18971,0,1499
2835570,Buckshot Roulette,"Apr 4, 2024",2024,91745,3796,95541,0,299
464920,Surviving Mars,"Mar 15, 2018",2018,22472,4098,26570,0,2999
9900,Star Trek Online,"Jan 31, 2012",2012,15939,4206,20145,0,0
7940,Call of Duty 4: Modern Warfare (2007),"Nov 12, 2007",2007,23438,1632,25070,0,999
493340,Planet Coaster,"Nov 17, 2016",2016,64131,6147,70278,0,4499
343710,Kholat,"Jun 9, 2015",2015,4485,2238,6723,0,1999
504230,Celeste,"Jan 25, 2018",2018,117545,3057,120602,0,1999
394510,HELLDIVERS Dive Harder Edition,"Dec 7, 2015",2015,28441,3078,31519,0,1999
265590,The Red Solstice,"Jul 9, 2015",2015,1772,729,2501,0,999
1128810,RISK: Global Domination,"Feb 19, 2020",2020,31060,7783,38843,0,0
325610,Total War: ATTILA,"Feb 17, 2015",2015,28785,6287,35072,0,4499
1643320,S.T.A.L.K.E.R. 2: Heart of Chornobyl,"Nov 20, 2024",2024,91274,22072,113346,0,5999
204450,Call of Juarez: Gunslinger,"May 22, 2013",2013,38679,2027,40706,0,1499
268420,Aura Kingdom,"Jul 4, 2014",2014,6676,1884,8560,0,0
482730,Football Manager 2017,"Nov 3, 2016",2016,6576,4465,11041,0,0
360970,Heaven Forest NIGHTS,"Mar 14, 2017",2017,227,112,339,0,99
22370,Fallout 3: Game of the Year Edition,"Dec 17, 2009",2009,41078,9515,50593,0,1999
349040,NARUTO SHIPPUDEN: Ultimate Ninja STORM 4,"Feb 4, 2016",2016,80515,7987,88502,0,1499
204100,Max Payne 3,"May 31, 2012",2012,49420,7656,57076,0,1999
823130,Totally Accurate Battlegrounds,"Jun 5, 2018",2018,76919,10093,87012,0,0
1184370,Pathfinder: Wrath of the Righteous - Enhanced Edition,"Sep 2, 2021",2021,32303,6193,38496,0,1999
640820,Pathfinder: Kingmaker — Enhanced Plus Edition,"Sep 25, 2018",2018,26001,7420,33421,0,1999
47890,The Sims 3,"Jan 27, 2011",2011,28544,4366,32910,0,1999
637650,FINAL FANTASY XV WINDOWS EDITION,"Mar 6, 2018",2018,44632,9056,53688,0,3499
703080,Planet Zoo,"Nov 5, 2019",2019,80029,7820,87849,0,4499
460950,Katana ZERO,"Apr 18, 2019",2019,69672,1397,71069,0,1499
35140,Batman: Arkham Asylum Game of the Year Edition,"Mar 26, 2010",2010,70940,2711,73651,0,1999
337000,Deus Ex: Mankind Divided,"Aug 23, 2016",2016,31037,9813,40850,0,2999
50620,Darksiders,"Sep 23, 2010",2010,11074,1328,12402,0,1999
433340,Slime Rancher,"Aug 1, 2017",2017,135271,2826,138097,0,1999
238010,Deus Ex: Human Revolution - Director's Cut,"Oct 25, 2013",2013,25909,2216,28125,0,1999
527230,For The King,"Apr 19, 2018",2018,36581,4906,41487,0,399
39120,RIFT,"Mar 1, 2011",2011,8347,2896,11243,0,0
307690,Sleeping Dogs: Definitive Edition,"Oct 8, 2014",2014,64644,4385,69029,0,1999
266840,Age of Mythology: Extended Edition,"May 8, 2014",2014,32895,2413,35308,0,2999
2054970,Dragon's Dogma 2,"Mar 21, 2024",2024,65154,41785,106939,0,6999
645630,Car Mechanic Simulator 2018,"Jul 28, 2017",2017,47065,4456,51521,0,1999
1790600,DRAGON BALL: Sparking! ZERO,"Oct 10, 2024",2024,58221,6959,65180,0,4999
300,Day of Defeat: Source,"Jul 12, 2010",2010,20798,1891,22689,0,999
368260,Marvel's Midnight Suns,"Dec 1, 2022",2022,17871,4003,21874,0,899
389570,Mitos.is: The Game,"Jul 29, 2015",2015,9560,2271,11831,0,0
736590,Operation: Harsh Doorstop,"Feb 15, 2023",2023,14167,4253,18420,0,0
1637320,Dome Keeper,"Sep 27, 2022",2022,14952,1260,16212,0,1799
409720,BioShock 2 Remastered,"Sep 15, 2016",2016,18860,7762,26622,0,1999
975370,Dwarf Fortress,"Dec 6, 2022",2022,27134,1445,28579,0,2999
15620,"Warhammer 40,000: Dawn of War II - Anniversary Edition (Classic)","Feb 18, 2009",2009,11298,1476,12774,0,4999
1371980,No Rest for the Wicked,"Apr 18, 2024",2024,39563,10970,50533,0,3999
993090,Lossless Scaling,"Dec 28, 2018",2018,22235,2653,24888,0,699
476480,Heaven Forest - VR MMO,"Dec 14, 2016",2016,331,156,487,0,99
65930,The Bureau: XCOM Declassified,"Aug 19, 2013",2013,8277,3509,11786,0,1999
1277400,Monster Hunter Stories 2: Wings of Ruin,"Jul 8, 2021",2021,13186,2801,15987,0,3999
2215430,Ghost of Tsushima DIRECTOR'S CUT,"May 16, 2024",2024,61086,4029,65115,0,5999
3132990,Black Myth: Wukong Benchmark Tool,"Aug 12, 2024",2024,4485,368,4853,0,0
602960,Barotrauma,"Mar 13, 2023",2023,70694,4640,75334,0,3499
606150,Moonlighter,"May 29, 2018",2018,16395,3518,19913,0,299
342200,MechWarrior Online Solaris 7,"Dec 10, 2015",2015,9790,2430,12220,0,0
1824220,Chivalry 2,"Jun 12, 2022",2022,37673,9288,46961,0,3999
55150,"Warhammer 40,000: Space Marine - Anniversary Edition","Sep 5, 2011",2011,27915,2501,30416,0,3999
8980,Borderlands Game of the Year,"Aug 31, 2023",2023,28944,3579,32523,0,2999
900883,The Elder Scrolls IV: Oblivion Game of the Year Edition Deluxe (2009),"Jun 16, 2009",2009,48307,2354,50661,0,1999
312530,Duck Game,"Jun 4, 2015",2015,37172,1304,38476,0,1299
1343400,RuneScape ,"Oct 14, 2020",2020,20941,4397,25338,0,0
1139900,Ghostrunner,"Oct 27, 2020",2020,57713,5436,63149,0,1999
738060,Freddy Fazbear's Pizzeria Simulator,"Dec 4, 2017",2017,28374,1835,30209,0,0
893520,Creative Destruction,"Aug 2, 2018",2018,14571,3940,18511,0,0
234650,Shadowrun Returns,"Jul 25, 2013",2013,11833,1549,13382,0,1499
744900,Dead Frontier 2,"Jul 15, 2019",2019,18844,7957,26801,0,0
314160,Microsoft Flight Simulator X: Steam Edition,"Dec 18, 2014",2014,22120,3483,25603,0,2499
1364780,Street Fighter 6,"Jun 1, 2023",2023,48252,8414,56666,0,3999
554620,Life is Strange: Before the Storm,"Aug 31, 2017",2017,34787,2506,37293,0,1699
9010,Return to Castle Wolfenstein,"Aug 3, 2007",2007,7832,585,8417,0,499
368500,Assassin's Creed Syndicate,"Nov 18, 2015",2015,23779,5900,29679,0,2999
17470,Dead Space (2008),"Jan 9, 2009",2009,25388,2272,27660,0,1999
204300,Awesomenauts,"Aug 1, 2012",2012,22618,4113,26731,0,1999
630100,SoulWorker - Anime Action MMO,"Feb 26, 2018",2018,11048,2901,13949,0,0
750920,Shadow of the Tomb Raider: Definitive Edition,"Sep 14, 2018",2018,66684,12759,79443,0,3999
436520,Line of Sight,"Jan 31, 2017",2017,5402,3653,9055,0,0
1659040,HITMAN World of Assassination,"Jan 20, 2022",2022,39449,6333,45782,0,2999
788100,Neon Abyss,"Jul 14, 2020",2020,19957,3183,23140,0,1999
858820,Tribes of Midgard,"Jul 27, 2021",2021,17197,5278,22475,0,1999
680420,OUTRIDERS,"Apr 1, 2021",2021,40267,20201,60468,0,1999
678960,CODE VEIN,"Sep 26, 2019",2019,48327,8991,57318,0,1199
1611910,"Warhammer 40,000: Chaos Gate - Daemonhunters","May 5, 2022",2022,10162,2945,13107,0,4499
206440,To the Moon,"Sep 7, 2012",2012,77246,3015,80261,0,999
613010,Secret in Story,"Jun 19, 2017",2017,79,35,114,0,99
424280,Iron Snout,"Jan 27, 2016",2016,16955,391,17346,0,0
212160,Vindictus,"Jun 22, 2012",2012,5300,2563,7863,0,0
1030830,Mafia II: Definitive Edition,"May 19, 2020",2020,21955,8309,30264,0,2999
365450,Hacknet,"Aug 12, 2015",2015,23511,1604,25115,0,999
302510,Ryse: Son of Rome,"Oct 10, 2014",2014,35415,5411,40826,0,999
22330,The Elder Scrolls IV: Oblivion Game of the Year Edition (2009),"Jun 16, 2009",2009,48307,2354,50661,0,1499
1687950,Persona 5 Royal,"Oct 20, 2022",2022,99657,3487,103144,0,5999
238370,Magicka 2,"May 26, 2015",2015,11061,2330,13391,0,1499
113020,Monaco: What's Yours Is Mine,"Apr 24, 2013",2013,7728,800,8528,0,1499
3070070,TCG Card Shop Simulator,"Sep 15, 2024",2024,38392,1107,39499,0,1299
977950,A Dance of Fire and Ice,"Jan 24, 2019",2019,69052,4419,73471,0,599
6860,Hitman: Blood Money,"Mar 15, 2007",2007,13213,821,14034,0,999
1057240,Crucible Beta,"May 20, 2020",2020,4624,6120,10744,0,0
268050,The Evil Within,"Oct 13, 2014",2014,25820,4485,30305,0,1999
511470,Glass Masquerade,"Nov 18, 2016",2016,6405,202,6607,0,499
389430,Knight Online,"Jan 25, 2016",2016,5482,5404,10886,0,0
289130,ENDLESS Legend,"Sep 18, 2014",2014,15589,3042,18631,0,2999
488790,South Park: The Fractured But Whole,"Oct 16, 2017",2017,24764,4520,29284,0,2999
493520,GTFO,"Dec 9, 2021",2021,52357,9740,62097,0,3999
546560,Half-Life: Alyx,"Mar 23, 2020",2020,95555,1674,97229,0,5999
439190,Stories: The Path of Destinies,"Apr 12, 2016",2016,5754,767,6521,0,1499
67370,The Darkness II,"Feb 9, 2012",2012,18121,1651,19772,0,2999
845070,The Awesome Adventures of Captain Spirit,"Jun 25, 2018",2018,13218,1036,14254,0,0
453480,Shadowverse CCG,"Oct 27, 2016",2016,10839,3875,14714,0,0
633230,NARUTO TO BORUTO: SHINOBI STRIKER,"Jun 29, 2023",2023,47138,8892,56030,0,1999
32370,STAR WARS Knights of the Old Republic,"Sep 5, 2009",2009,28928,2810,31738,0,999
476600,Call of Duty: WWII,"Nov 2, 2017",2017,30055,13278,43333,0,1979
1404210,Red Dead Online,"Dec 1, 2020",2020,55526,11255,66781,0,1999
1557740,ROUNDS,"Apr 1, 2021",2021,34893,1765,36658,0,599
1619450,Heart of a Warrior,"Feb 1, 2022",2022,0,1,1,0,1099
683320,GRIS,"Dec 13, 2018",2018,80404,3044,83448,0,1499
2551020,One-armed robber,"Dec 15, 2023",2023,35393,3335,38728,0,0
1536610,OpenTTD,"Apr 1, 2021",2021,13845,549,14394,0,0
386940,Ultimate Chicken Horse,"Mar 4, 2016",2016,46319,1981,48300,0,1499
346010,Besiege,"Feb 18, 2020",2020,47491,2263,49754,0,1499
924970,Back 4 Blood,"Oct 12, 2021",2021,46833,21608,68441,0,5999
349700,Romero's Aftermath,"Sep 24, 2015",2015,5385,5693,11078,0,0
208140,ENDLESS Space - Definitive Edition,"Jul 4, 2012",2012,7540,1824,9364,0,999
206500,AirMech Strike,"Mar 30, 2018",2018,8984,1695,10679,0,0
57690,Tropico 4,"Sep 1, 2011",2011,11400,1027,12427,0,1499
2322010,God of War Ragnarök,"Sep 19, 2024",2024,27127,4261,31388,0,5999
274940,Depth,"Nov 3, 2014",2014,28701,3964,32665,0,1999
412220,DDraceNetwork,"Aug 17, 2020",2020,33440,4010,37450,0,0
1290000,PowerWash Simulator,"Jul 14, 2022",2022,50767,1643,52410,0,2499
1286680,Tiny Tina's Wonderlands,"Jun 23, 2022",2022,15933,6053,21986,0,5999
39500,Gothic 3,"Dec 2, 2009",2009,9244,2120,11364,0,1999
872790,Football Manager 2019,"Nov 2, 2018",2018,10827,1653,12480,0,0
291650,Pillars of Eternity,"Mar 26, 2015",2015,21751,2899,24650,0,3999
17330,Crysis Warhead,"Sep 17, 2008",2008,3280,544,3824,0,1999
1533390,Gorilla Tag,"Jan 1, 2023",2023,64966,6197,71163,0,1999
606280,Darksiders III,"Nov 27, 2018",2018,11626,3571,15197,0,599
10500,Total War: EMPIRE – Definitive Edition,"Mar 4, 2009",2009,32211,3269,35480,0,2499
1476970,Legends of IdleOn - Idle MMO,"Nov 6, 2025",2025,17310,4406,21716,0,0
1262580,Need for Speed Payback,"Jun 18, 2020",2020,24868,4186,29054,0,2999
246620,Plague Inc: Evolved,"Feb 18, 2016",2016,52571,3093,55664,0,1499
319830,AX:EL - Air XenoDawn,"Dec 4, 2015",2015,899,293,1192,0,0
324800,Shadow Warrior 2,"Oct 13, 2016",2016,23758,3472,27230,0,2999
341800,Keep Talking and Nobody Explodes,"Oct 8, 2015",2015,15346,401,15747,0,1499
322500,SUPERHOT,"Feb 25, 2016",2016,35390,3386,38776,0,2499
939960,Far Cry New Dawn,"Feb 15, 2019",2019,24362,7819,32181,0,3999
239820,Game Dev Tycoon,"Aug 29, 2013",2013,34126,1657,35783,0,999
509980,BIGFOOT,"Jan 31, 2017",2017,17125,3741,20866,0,1999
364360,Total War: WARHAMMER,"May 24, 2016",2016,40889,11533,52422,0,5999
492720,Tropico 6,"Mar 29, 2019",2019,23776,3415,27191,0,3999
12110,Grand Theft Auto: Vice City,"Jan 4, 2008",2008,27142,2134,29276,0,0
460790,Bayonetta,"Apr 11, 2017",2017,26797,2156,28953,0,1999
1213210,Command & Conquer Remastered Collection,"Jun 5, 2020",2020,29891,3069,32960,0,1999
627690,Idle Champions of the Forgotten Realms,"Mar 25, 2020",2020,11212,3268,14480,0,0
569480,Kingdoms and Castles,"Jul 20, 2017",2017,27743,1972,29715,0,1499
2021910,FPS Chess,"Jul 16, 2022",2022,31223,5909,37132,0,0
242860,Verdun,"Apr 28, 2015",2015,32142,5175,37317,0,1199
239160,Thief,"Feb 27, 2014",2014,17337,5926,23263,0,1999
391460,WARMODE,"Sep 13, 2019",2019,10255,6275,16530,0,0
636480,Ravenfield,"May 18, 2017",2017,71341,2264,73605,0,1799
2100,Dark Messiah of Might & Magic,"Oct 25, 2006",2006,9813,951,10764,0,999
21690,Resident Evil 5,"Sep 15, 2009",2009,42807,6310,49117,0,1999
228280,Baldur's Gate: Enhanced Edition,"Jan 16, 2013",2013,15123,1275,16398,0,1999
629730,Blade and Sorcery,"Jun 17, 2024",2024,55566,1919,57485,0,2999
2420510,HoloCure - Save the Fans!,"Aug 16, 2023",2023,37623,363,37986,0,0
113420,Fallen Earth Free2Play,"Feb 22, 2012",2012,4484,3047,7531,0,0
706990,BLOCKPOST,"Apr 25, 2019",2019,12342,4219,16561,0,0
304240,Resident Evil,"Jan 19, 2015",2015,24613,2154,26767,0,1999
269210,Hero Siege,"Jan 29, 2014",2014,29813,13699,43512,0,799
621060,PC Building Simulator,"Jan 29, 2019",2019,48356,3299,51655,0,1999
48190,Assassin’s Creed Brotherhood,"Mar 22, 2011",2011,20484,2652,23136,0,1999
638970,Yakuza 0,"Aug 1, 2018",2018,70292,3189,73481,0,1099
24010,Train Simulator Classic,"Sep 17, 2015",2015,20015,8172,28187,0,2999
228380,Wreckfest,"Jun 14, 2018",2018,34031,4586,38617,0,2999
327690,Gigantic,"Jul 19, 2017",2017,5759,1731,7490,0,0
417860,Emily is Away,"Nov 20, 2015",2015,28260,3636,31896,0,0
1262350,SIGNALIS,"Oct 27, 2022",2022,25320,837,26157,0,1999
1058020,"STAR WARS Battlefront (Classic, 2004)","May 1, 2019",2019,4186,153,4339,0,999
582160,Assassin's Creed Origins,"Oct 26, 2017",2017,97301,16195,113496,0,5999
287450,Rise of Nations: Extended Edition,"Jun 12, 2014",2014,13962,782,14744,0,1999
582500,We Were Here,"Feb 3, 2017",2017,27014,2983,29997,0,0
442080,Riders of Icarus,"Jul 6, 2016",2016,7083,3643,10726,0,0
519860,DUSK,"Dec 10, 2018",2018,22830,639,23469,0,1999
22320,The Elder Scrolls III: Morrowind Game of the Year Edition,"Jun 16, 2009",2009,25172,1212,26384,0,1499
704270,Generation Zero,"Mar 26, 2019",2019,29053,11451,40504,0,2499
40990,Mafia,"Aug 28, 2002",2002,13346,1911,15257,0,1499
1627140,Sabre Team,"Jun 4, 2021",2021,2,2,4,0,699
612880,Wolfenstein II: The New Colossus,"Oct 26, 2017",2017,36084,8413,44497,0,3999
638070,Murderous Pursuits,"Apr 26, 2018",2018,1794,1022,2816,0,999
3146520,WEBFISHING,"Oct 11, 2024",2024,64473,1337,65810,0,499
537180,Digimon Masters Online,"Nov 3, 2016",2016,5461,2664,8125,0,0
232890,Stronghold Crusader 2,"Sep 22, 2014",2014,12328,4754,17082,0,3999
6000,STAR WARS Republic Commando,"Jul 8, 2009",2009,15357,687,16044,0,999
1049410,Superliminal,"Nov 5, 2020",2020,28522,1629,30151,0,1999
1343370,Old School RuneScape,"Feb 24, 2021",2021,15244,3091,18335,0,0
1238860,Battlefield 4,"Jun 11, 2020",2020,60650,10498,71148,0,3999
961200,Predecessor,"Aug 20, 2024",2024,10260,3776,14036,0,0
102600,Orcs Must Die!,"Oct 11, 2011",2011,7856,333,8189,0,999
2527500,MiSide,"Dec 10, 2024",2024,108883,2204,111087,0,1349
870780,CONTROL Ultimate Edition,"Aug 27, 2020",2020,44045,6403,50448,0,3999
312520,Rain World,"Mar 28, 2017",2017,39787,2490,42277,0,2499
285190,"Warhammer 40,000: Dawn of War III","Apr 27, 2017",2017,10879,11638,22517,0,3999
235600,Tom Clancy’s Splinter Cell Blacklist,"Aug 20, 2013",2013,15918,3989,19907,0,499
34030,Total War: NAPOLEON – Definitive Edition,"Feb 25, 2010",2010,23179,2186,25365,0,2499
459820,Crush Crush,"Oct 18, 2016",2016,24246,2949,27195,0,0
47810,Dragon Age: Origins - Ultimate Edition,"Oct 26, 2010",2010,24599,3813,28412,0,749
280790,Creativerse,"May 8, 2017",2017,24051,6924,30975,0,2499
1313860,EA SPORTS FIFA 21,"Oct 8, 2020",2020,42906,13377,56283,0,0
2280,DOOM + DOOM II,"Aug 3, 2007",2007,24105,879,24984,0,999
637090,BATTLETECH,"Apr 24, 2018",2018,26438,5125,31563,0,3999
690790,DiRT Rally 2.0,"Feb 25, 2019",2019,39383,5212,44595,0,1999
704850,Thief Simulator,"Nov 9, 2018",2018,31601,4206,35807,0,1999
424370,Wolcen: Lords of Mayhem,"Feb 13, 2020",2020,37846,29831,67677,0,2999
851850,DRAGON BALL Z: KAKAROT,"Jan 16, 2020",2020,50976,3704,54680,0,1999
243470,Watch_Dogs,"May 26, 2014",2014,35770,9953,45723,0,1999
491950,Orwell: Keeping an Eye On You,"Oct 27, 2016",2016,13540,1414,14954,0,999
1384160,GUILTY GEAR -STRIVE-,"Jun 11, 2021",2021,52377,7005,59382,0,3999
2622000,Astral Party ,"Feb 28, 2024",2024,9547,7422,16969,0,0
1061910,Metal: Hellsinger,"Sep 15, 2022",2022,15140,626,15766,0,2999
392110,ENDLESS Space 2,"May 18, 2017",2017,18526,3664,22190,0,3999
247080,Crypt of the NecroDancer,"Apr 23, 2015",2015,24053,1063,25116,0,1499
47830,Medal of Honor,"Oct 12, 2010",2010,3382,1403,4785,0,1999
9340,Company of Heroes: Opposing Fronts,"Sep 24, 2007",2007,1045,93,1138,0,1999
214420,Gear Up,"Jan 28, 2015",2015,6243,2119,8362,0,0
438040,Shakes and Fidget,"Feb 24, 2016",2016,33837,2756,36593,0,0
736220,Squad 44,"Aug 9, 2018",2018,18508,6156,24664,0,1999
752590,A Plague Tale: Innocence,"May 14, 2019",2019,58909,4133,63042,0,3999
933110,Age of Empires III: Definitive Edition,"Oct 15, 2020",2020,40941,7401,48342,0,0
24200,DC Universe Online,"Nov 2, 2011",2011,16923,4093,21016,0,0
304670,Aeon Command,"Jul 3, 2014",2014,325,87,412,0,299
228200,Company of Heroes,"Sep 11, 2006",2006,16025,946,16971,0,1999
233720,Surgeon Simulator,"Apr 19, 2013",2013,13566,2927,16493,0,999
692850,Bloodstained: Ritual of the Night,"Jun 18, 2019",2019,36999,2486,39485,0,999
1483870,Draw & Guess,"Mar 12, 2021",2021,28294,5381,33675,0,299
15100,Assassin's Creed: Director's Cut Edition,"Apr 9, 2008",2008,17822,4075,21897,0,1999
1241100,POLYGON: Multiplayer Shooter,"Mar 6, 2020",2020,26313,8756,35069,0,0
1282100,REMNANT II,"Jul 25, 2023",2023,50249,10114,60363,0,4999
287290,Resident Evil Revelations 2,"Feb 24, 2015",2015,22413,6276,28689,0,1999
1225330,NBA 2K21,"Sep 4, 2020",2020,16233,22823,39056,0,0
4920,Natural Selection 2,"Oct 30, 2012",2012,11207,1932,13139,0,499
19900,Far Cry 2,"Oct 22, 2008",2008,12895,3942,16837,0,299
1515950,Capcom Arcade Stadium,"May 24, 2021",2021,2397,2010,4407,0,5999
979690,The Ascent,"Jul 29, 2021",2021,16932,5952,22884,0,2999
809960,Radical Heights,"Apr 10, 2018",2018,6072,3727,9799,0,0
130,Half-Life: Blue Shift,"Jun 1, 2001",2001,17384,1410,18794,0,499
232050,Eador. Masters of the Broken World,"Apr 19, 2013",2013,1871,872,2743,0,1999
47790,Medal of Honor,"Oct 12, 2010",2010,7621,2438,10059,0,1999
253980,Enclave,"Oct 4, 2013",2013,5068,1312,6380,0,999
292730,Call of Duty: Infinite Warfare,"Nov 3, 2016",2016,16982,11396,28378,0,1979
774361,Blasphemous,"Sep 10, 2019",2019,46393,5091,51484,0,2499
34270,SEGA Mega Drive and Genesis Classics,"Jun 1, 2010",2010,9533,2269,11802,0,0
4500,S.T.A.L.K.E.R.: Shadow of Chernobyl,"Mar 20, 2007",2007,44761,2530,47291,0,1999
251060,Wargame: Red Dragon,"Apr 17, 2014",2014,17036,2147,19183,0,2999
32470,STAR WARS Empire at War - Gold Pack,"May 25, 2010",2010,38503,932,39435,0,1999
837470,Untitled Goose Game,"Sep 23, 2020",2020,21184,920,22104,0,1999
834910,ATLAS,"Dec 22, 2018",2018,20142,22392,42534,0,2999
454650,DRAGON BALL XENOVERSE 2,"Oct 27, 2016",2016,47781,5102,52883,0,1999
1238820,Battlefield 3,"Jun 11, 2020",2020,10748,4612,15360,0,3999
1284410,GWENT: The Witcher Card Game,"May 19, 2020",2020,24044,5320,29364,0,0
323470,DRAGON BALL XENOVERSE,"Feb 26, 2015",2015,18775,2127,20902,0,649
1089980,The Henry Stickmin Collection,"Aug 7, 2020",2020,50017,681,50698,0,1499
1147560,Skul: The Hero Slayer,"Jan 20, 2021",2021,51218,3683,54901,0,1999
237930,Transistor,"May 20, 2014",2014,28786,1806,30592,0,1999
225080,Brothers - A Tale of Two Sons,"Sep 3, 2013",2013,38721,2274,40995,0,1499
96100,Defy Gravity Extended,"Mar 18, 2016",2016,7365,1187,8552,0,199
2310,Quake,"Aug 3, 2007",2007,13926,474,14400,0,999
113200,The Binding of Isaac,"Sep 28, 2011",2011,57299,3080,60379,0,499
599140,Graveyard Keeper,"Aug 15, 2018",2018,37721,5926,43647,0,1999
1840,Source Filmmaker,"Jul 10, 2012",2012,37791,2868,40659,0,0
65980,Sid Meier's Civilization: Beyond Earth,"Oct 23, 2014",2014,13604,8974,22578,0,999
373420,Divinity: Original Sin - Enhanced Edition,"Oct 27, 2015",2015,26069,2997,29066,0,3999
1621690,Core Keeper,"Aug 27, 2024",2024,51042,3937,54979,0,1999
311860,Data Hacker: Initiation,"Jul 21, 2014",2014,173,95,268,0,99
1089090,ONE PIECE: PIRATE WARRIORS 4,"Sep 14, 2023",2023,18314,1666,19980,0,3999
942970,Unheard - Voices of Crime,"Mar 28, 2019",2019,30125,1184,31309,0,699
41500,Torchlight,"Oct 27, 2009",2009,6319,637,6956,0,1499
1778820,TEKKEN 8,"Jan 25, 2024",2024,33020,28048,61068,0,3999
17080,Tribes: Ascend,"Jun 27, 2012",2012,6946,1639,8585,0,0
1522820,Orcs Must Die! 3,"Jul 23, 2021",2021,12067,2016,14083,0,2999
23310,The Last Remnant,"Apr 9, 2009",2009,3308,762,4070,0,0
487220,Freebie,"Jun 16, 2016",2016,1032,371,1403,0,99
34440,Sid Meier's Civilization IV,"Oct 25, 2006",2006,1473,145,1618,0,399
4570,"Warhammer 40,000: Dawn of War - Anniversary Edition (Classic)","Aug 7, 2007",2007,10634,572,11206,0,1499
2322560,Love Is All Around,"Oct 17, 2023",2023,42490,2924,45414,0,999
2344520,Diablo IV,"Oct 17, 2023",2023,32969,17333,50302,0,2999
6880,Just Cause,"Mar 15, 2007",2007,3266,1674,4940,0,699
10680,Aliens vs. Predator,"Feb 16, 2010",2010,18175,1778,19953,0,1499
216150,MapleStory,"Aug 9, 2012",2012,8882,5305,14187,0,0
443110,Armored Warfare,"Nov 17, 2017",2017,3238,1713,4951,0,0
378540,The Surge,"May 15, 2017",2017,8236,2715,10951,0,1499
527430,"Warhammer 40,000: Inquisitor - Martyr","Jun 5, 2018",2018,16053,5097,21150,0,4999
753640,Outer Wilds,"Jun 18, 2020",2020,80833,3655,84488,0,2499
583950,Artifact,"Nov 28, 2018",2018,11614,13144,24758,0,0
334210,Fortified,"Feb 3, 2016",2016,1275,435,1710,0,1499
206480,Dungeons & Dragons Online,"Jun 25, 2012",2012,5140,2090,7230,0,0
921630,音灵 INVAXION,"Dec 19, 2018",2018,3303,2911,6214,0,0
215080,WAKFU,"Sep 18, 2014",2014,7744,2492,10236,0,0
65790,ARMA: Cold War Assault,"Aug 8, 2011",2011,4857,1236,6093,0,499
535930,Two Point Hospital,"Aug 29, 2018",2018,30563,2711,33274,0,2999
332070,School of Dragons,"Dec 4, 2014",2014,3435,2127,5562,0,0
311340,METAL GEAR SOLID V: GROUND ZEROES,"Dec 18, 2014",2014,14283,2673,16956,0,1999
414700,Outlast 2,"Apr 24, 2017",2017,50676,4824,55500,0,1999
270150,RUNNING WITH RIFLES,"Apr 2, 2015",2015,14195,1932,16127,0,1499
292910,Deponia: The Complete Journey,"Jul 8, 2014",2014,5613,931,6544,0,2999
447020,Farming Simulator 17,"Oct 24, 2016",2016,23379,1630,25009,0,1499
17300,Crysis,"Sep 17, 2008",2008,10565,2649,13214,0,2999
1282730,Loop Hero,"Mar 4, 2021",2021,32214,2445,34659,0,299
32800,Lord of the Rings: War in the North,"Nov 1, 2011",2011,7603,1749,9352,0,0
8850,BioShock 2,"Feb 9, 2010",2010,12864,1555,14419,0,1999
899440,GOD EATER 3,"Feb 7, 2019",2019,7450,1921,9371,0,5999
418240,Shadow Tactics: Blades of the Shogun,"Dec 6, 2016",2016,35767,1470,37237,0,3999
207230,ArcheBlade,"Apr 25, 2014",2014,5594,2053,7647,0,0
20570,"Warhammer 40,000: Dawn of War II Chaos Rising","Mar 11, 2010",2010,3047,304,3351,0,0
17460,Mass Effect (2007),"Dec 19, 2008",2008,15394,1040,16434,0,2999
383150,Dead Island Definitive Edition,"May 31, 2016",2016,20934,4593,25527,0,1999
224760,FEZ,"May 1, 2013",2013,14425,1137,15562,0,999
1178830,Bright Memory: Infinite,"Nov 11, 2021",2021,35622,3089,38711,0,1999
510840,Evolvation,"Feb 6, 2017",2017,644,304,948,0,199
2012510,Stormgate,"Aug 5, 2025",2025,3728,3755,7483,0,0
297000,Heroes of Might & Magic III - HD Edition,"Jan 28, 2015",2015,18085,4694,22779,0,1499
1151640,Horizon Zero Dawn Complete Edition,"Aug 7, 2020",2020,110049,15148,125197,0,4999
418070,Turbo Pug,"Nov 9, 2015",2015,3029,316,3345,0,99
334230,Town of Salem,"Dec 15, 2014",2014,32095,4314,36409,0,499
364470,The Elder Scrolls: Legends,"May 31, 2017",2017,8267,2776,11043,0,0
601430,The Evil Within 2,"Oct 12, 2017",2017,26655,2251,28906,0,3999
1190000,Car Mechanic Simulator 2021,"Aug 11, 2021",2021,28630,1211,29841,0,2499
263500,Dragons and Titans,"Mar 12, 2014",2014,2715,726,3441,0,0
4700,Total War: MEDIEVAL II – Definitive Edition,"Nov 15, 2006",2006,31910,1434,33344,0,2499
675010,MudRunner,"Oct 30, 2017",2017,34349,3347,37696,0,1999
220440,DmC: Devil May Cry,"Jan 24, 2013",2013,27949,2035,29984,0,2999
240320,Panzar,"Nov 25, 2013",2013,3397,1750,5147,0,0
544730,Catan Universe,"Apr 25, 2017",2017,7826,8234,16060,0,0
337320,Paint the Town Red,"Jul 29, 2021",2021,28358,1218,29576,0,1999
350640,Sherlock Holmes: The Devil's Daughter,"Jun 10, 2016",2016,10985,2803,13788,0,2999
2231450,Pizza Tower,"Jan 26, 2023",2023,65599,1094,66693,0,1999
552100,Brick Rigs,"Jul 14, 2023",2023,47391,2731,50122,0,1999
1475810,Ghostwire: Tokyo,"Mar 24, 2022",2022,15393,3269,18662,0,5999
427270,Orcs Must Die! Unchained,"Apr 19, 2017",2017,4205,1915,6120,0,0
392160,X4: Foundations,"Nov 30, 2018",2018,18951,4896,23847,0,1249
346330,BrainBread 2,"Mar 9, 2022",2022,3785,1382,5167,0,0
3910,Sid Meier's Civilization III Complete,"Oct 25, 2006",2006,6485,746,7231,0,99
805550,Assetto Corsa Competizione,"May 29, 2019",2019,36035,2908,38943,0,3999
1380400,Saving Grace,"Jan 2, 2021",2021,27,2,29,0,199
41000,Serious Sam HD: The First Encounter,"Nov 24, 2009",2009,7652,539,8191,0,1499
1284190,The Planet Crafter,"Apr 10, 2024",2024,52168,2148,54316,0,2399
2064650,Tower of Fantasy,"Oct 19, 2022",2022,7595,3375,10970,0,0
585420,Trailmakers,"Sep 18, 2019",2019,25941,2106,28047,0,2499
1562430,DREDGE,"Mar 30, 2023",2023,42127,1839,43966,0,1079
1987080,Inside the Backrooms,"Jun 20, 2022",2022,36836,8196,45032,0,699
666220,CS2D,"Nov 15, 2017",2017,8950,987,9937,0,0
529340,Victoria 3,"Oct 25, 2022",2022,35043,17575,52618,0,4999
245620,Tropico 5,"May 23, 2014",2014,11092,3031,14123,0,1999
657200,Hand Simulator,"Jul 18, 2017",2017,30653,5873,36526,0,299
6850,Hitman 2: Silent Assassin,"Mar 15, 2007",2007,3478,724,4202,0,899
209160,Call of Duty: Ghosts,"Mar 25, 2014",2014,19917,10996,30913,0,1979
1388770,Cruelty Squad,"Jun 15, 2021",2021,20136,655,20791,0,1999
603850,Age of History II,"Nov 21, 2018",2018,41684,4711,46395,0,599
32430,STAR WARS - The Force Unleashed Ultimate Sith Edition,"Dec 15, 2009",2009,8334,2681,11015,0,1999
253900,Knights and Merchants,"Oct 14, 2013",2013,3949,714,4663,0,999
1113000,Persona 4 Golden,"Jun 13, 2020",2020,76008,2338,78346,0,1999
1016920,Unrailed!,"Sep 23, 2020",2020,17426,1243,18669,0,1999
955050,Bright Memory,"Mar 25, 2020",2020,29613,3115,32728,0,799
1929610,Demonologist,"Sep 25, 2023",2023,18742,3006,21748,0,1999
1850570,DEATH STRANDING DIRECTOR'S CUT,"Mar 30, 2022",2022,36697,2819,39516,0,3999
2096610,Crysis 3 Remastered,"Nov 17, 2022",2022,5108,685,5793,0,2999
446800,Transport Fever,"Nov 8, 2016",2016,8934,1788,10722,0,2999
209170,Call of Duty: Ghosts,"Mar 25, 2014",2014,15087,10789,25876,0,1979
250400,How to Survive,"Aug 29, 2014",2014,14071,2954,17025,0,1499
1211020,Wobbly Life,"Sep 18, 2025",2025,26141,799,26940,0,2499
1296830,暖雪 Warm Snow,"Jan 18, 2022",2022,34444,2563,37007,0,1799
410320,EARTH DEFENSE FORCE 4.1 The Shadow of New Despair,"Jul 18, 2016",2016,9554,500,10054,0,1999
261110,Killer is Dead - Nightmare Edition,"May 23, 2014",2014,6296,2105,8401,0,1999
208580,STAR WARS Knights of the Old Republic II - The Sith Lords,"Aug 23, 2012",2012,22754,1556,24310,0,999
775500,SCARLET NEXUS,"Jun 24, 2021",2021,13888,3237,17125,0,5999
447820,Day of Infamy,"Mar 23, 2017",2017,18172,3883,22055,0,1499
1599600,PlateUp!,"Aug 4, 2022",2022,22204,1197,23401,0,499
475550,Beholder,"Nov 9, 2016",2016,25444,2303,27747,0,1399
257510,The Talos Principle,"Dec 11, 2014",2014,30399,1462,31861,0,2999
474960,Quantum Break,"Sep 29, 2016",2016,24117,4023,28140,0,3999
444640,Bloons TD Battles,"Apr 20, 2016",2016,26414,2682,29096,0,0
843380,Super Animal Royale,"Aug 26, 2021",2021,39667,2700,42367,0,0
560130,Pillars of Eternity II: Deadfire,"May 8, 2018",2018,16666,2265,18931,0,3999
4760,Rome: Total War - Collection,"Aug 28, 2007",2007,15304,873,16177,0,0
568220,Lobotomy Corporation | Monster Management Simulation,"Apr 9, 2018",2018,41213,2719,43932,0,2499
257350,Baldur's Gate II: Enhanced Edition,"Nov 15, 2013",2013,9243,797,10040,0,1999
202750,Alan Wake's American Nightmare,"May 22, 2012",2012,6527,2433,8960,0,899
1676130,Deadlink,"Jul 27, 2023",2023,3050,349,3399,0,2499
34870,Sniper: Ghost Warrior 2,"Mar 11, 2013",2013,13533,4383,17916,0,999
699130,World War Z,"Sep 21, 2021",2021,21657,4401,26058,0,1479
816020,JUMP FORCE,"Feb 14, 2019",2019,16682,6019,22701,0,0
681660,Bless Online,"Oct 23, 2018",2018,3683,6185,9868,0,0
462780,Darksiders Warmastered Edition,"Nov 29, 2016",2016,13991,1943,15934,0,299
34460,Civilization IV: Beyond the Sword,"Jul 24, 2007",2007,1516,75,1591,0,599
448510,Overcooked,"Aug 3, 2016",2016,13706,1469,15175,0,1699
1307550,Craftopia,"Sep 4, 2020",2020,15406,4977,20383,0,2499
1129580,Medieval Dynasty,"Sep 23, 2021",2021,40992,4174,45166,0,3499
460920,Steep,"Dec 2, 2016",2016,25437,5447,30884,0,2999
55110,Red Faction: Armageddon,"Jun 6, 2011",2011,3537,1314,4851,0,199
996580,Spyro Reignited Trilogy,"Sep 3, 2019",2019,19266,1240,20506,0,3999
278080,DYNASTY WARRIORS 8: Xtreme Legends Complete Edition,"May 13, 2014",2014,11342,2155,13497,0,4999
231060,Ragnarok Online 2,"May 1, 2013",2013,1848,1336,3184,0,0
108800,Crysis 2 - Maximum Edition,"Mar 22, 2011",2011,11621,2008,13629,0,749
673950,Farm Together,"Oct 11, 2018",2018,20462,1266,21728,0,1999
1094520,Sands of Salzaar,"Dec 15, 2021",2021,18556,4085,22641,0,1499
747660,Five Nights at Freddy's: Security Breach,"Dec 16, 2021",2021,56080,8779,64859,0,3999
6910,Deus Ex: Game of the Year Edition,"Mar 29, 2007",2007,13801,751,14552,0,699
239350,Spelunky,"Aug 8, 2013",2013,15005,1288,16293,0,1499
360430,Mafia III: Definitive Edition,"May 19, 2020",2020,32366,24142,56508,0,2999
215280,Secret World Legends,"Jul 31, 2017",2017,6104,2956,9060,0,0
673130,AMID EVIL,"Jun 20, 2019",2019,6709,448,7157,0,1999
2552430,KINGDOM HEARTS -HD 1.5+2.5 ReMIX-,"Jun 13, 2024",2024,6361,1241,7602,0,4999
377300,Thunder Tier One,"Dec 7, 2021",2021,3162,1573,4735,0,0
1030840,Mafia: Definitive Edition,"Sep 24, 2020",2020,79686,12107,91793,0,3999
323850,Move or Die,"Jan 21, 2016",2016,20818,2415,23233,0,374
841370,NBA 2K19,"Sep 10, 2018",2018,8866,13826,22692,0,0
823500,BONEWORKS,"Dec 10, 2019",2019,32917,2762,35679,0,2999
204340,Serious Sam II,"Jan 31, 2012",2012,11356,1312,12668,0,999
794260,Outward Definitive Edition,"May 17, 2022",2022,20738,7717,28455,0,3999
299460,Woodle Tree Adventures,"Mar 2, 2016",2016,3717,1800,5517,0,399
2680010,The First Berserker: Khazan,"Mar 27, 2025",2025,15733,1816,17549,0,5999
1755910,Capcom Arcade 2nd Stadium,"Jul 21, 2022",2022,665,312,977,0,5999
1266680,Strobophagia | Rave Horror,"Oct 28, 2020",2020,75,16,91,0,1999
265550,Dead Rising 3 Apocalypse Edition,"Sep 5, 2014",2014,14615,4459,19074,0,2999
246900,Viscera Cleanup Detail,"Oct 23, 2015",2015,20651,1639,22290,0,1299
253960,Jack Orlando: Director's Cut,"Oct 4, 2013",2013,445,202,647,0,699
450390,The Lab,"Apr 5, 2016",2016,6066,323,6389,0,0
920210,LEGO Star Wars: The Skywalker Saga,"Apr 5, 2022",2022,40865,4173,45038,0,4999
17480,Command & Conquer: Red Alert 3,"Jan 8, 2009",2009,12792,2220,15012,0,1988
249130,LEGO Marvel Super Heroes,"Oct 22, 2013",2013,24959,1218,26177,0,1999
26800,Braid,"Apr 10, 2009",2009,9121,640,9761,0,1499
1017180,The Long Drive,"Sep 25, 2019",2019,42761,4666,47427,0,1599
640590,The LEGO NINJAGO Movie Video Game,"Sep 22, 2017",2017,6151,1028,7179,0,1999
1515210,The Past Within,"Nov 2, 2022",2022,14362,794,15156,0,599
1147550,Not For Broadcast,"Jan 25, 2022",2022,10897,687,11584,0,2499
434650,Lost Castle / 失落城堡,"Aug 31, 2016",2016,20442,3082,23524,0,999
1774580,STAR WARS Jedi: Survivor,"Apr 27, 2023",2023,46131,20923,67054,0,6999
431730,Aseprite,"Feb 22, 2016",2016,21620,198,21818,0,1999
780310,The Riftbreaker,"Oct 14, 2021",2021,16245,1760,18005,0,2999
261030,The Walking Dead: Season Two,"Dec 17, 2013",2013,30526,1113,31639,0,1499
1328670,Mass Effect Legendary Edition,"May 14, 2021",2021,51295,5033,56328,0,5999
226840,Age of Wonders III,"Mar 31, 2014",2014,10093,2485,12578,0,2999
374040,Portal Knights,"May 18, 2017",2017,18093,3593,21686,0,1999
668580,Atomic Heart,"Feb 20, 2023",2023,31167,6828,37995,0,5999
1044720,Farthest Frontier,"Oct 23, 2025",2025,16780,2724,19504,0,3499
544750,SOULCALIBUR VI,"Oct 18, 2018",2018,11147,2394,13541,0,5999
972660,Spiritfarer: Farewell Edition,"Aug 18, 2020",2020,44192,2225,46417,0,2999
1150690,OMORI,"Dec 25, 2020",2020,78023,2214,80237,0,1999
9450,"Warhammer 40,000: Dawn of War - Soulstorm","Mar 5, 2008",2008,16764,847,17611,0,0
490220,Prismata,"Mar 8, 2018",2018,970,217,1187,0,0
1301720,Escape Room - Der kranke Kollege,"Sep 5, 2020",2020,9872,2233,12105,0,0
921060,Modern Combat 5,"Oct 24, 2018",2018,3130,2595,5725,0,0
274520,Darkwood,"Aug 17, 2017",2017,20529,1089,21618,0,1499
70000,Dino D-Day,"Apr 8, 2011",2011,12659,2391,15050,0,999
239200,Amnesia: A Machine for Pigs,"Sep 10, 2013",2013,7886,3457,11343,0,1999
257420,Serious Sam 4,"Sep 24, 2020",2020,13456,2672,16128,0,3999
1335200,Action Taimanin,"Oct 5, 2020",2020,15495,3149,18644,0,0
1888930,The Last of Us Part I,"Mar 28, 2023",2023,63713,16142,79855,0,5999
34450,Civilization IV: Warlords,"Apr 6, 2007",2007,131,23,154,0,499
654880,Dream Daddy: A Dad Dating Simulator,"Jul 20, 2017",2017,5578,509,6087,0,1499
625960,Stoneshard,"Feb 6, 2020",2020,22298,7764,30062,0,2499
1509960,PICO PARK,"May 7, 2021",2021,25879,2620,28499,0,499
1544020,The Callisto Protocol,"Dec 1, 2022",2022,25601,13829,39430,0,5999
2206460,Furry Killer,"Nov 19, 2022",2022,17,4,21,0,749
1447430,小黑盒加速器,"May 24, 2021",2021,7088,1800,8888,0,0
515690,Warriors of Vilvatikta,"Aug 26, 2016",2016,92,80,172,0,99
7760,X-COM: UFO Defense,"Sep 4, 2008",2008,3602,197,3799,0,499
104900,ORION: Prelude,"Apr 16, 2013",2013,21458,7027,28485,0,99
339280,Strife,"May 22, 2015",2015,3730,1142,4872,0,0
262280,Dungeons 2,"Apr 24, 2015",2015,4235,939,5174,0,1999
1201240,BLEACH Brave Souls,"Aug 17, 2020",2020,10533,1351,11884,0,0
1686940,Bopl Battle,"Nov 16, 2023",2023,18609,516,19125,0,999
1846380,Need for Speed Unbound,"Dec 1, 2022",2022,29906,19702,49608,0,6999
313120,Stranded Deep,"Aug 10, 2022",2022,34118,11710,45828,0,1999
859570,Secret Neighbor: Hello Neighbor Multiplayer,"Oct 24, 2019",2019,15991,2508,18499,0,1999
1435790,Escape Simulator,"Oct 19, 2021",2021,16281,1027,17308,0,1999
1062090,Timberborn,"Mar 12, 2026",2026,30266,1412,31678,0,3499
21100,F.E.A.R. 3,"Jun 21, 2011",2011,9070,3688,12758,0,1999
1259970,eFootball PES 2021 SEASON UPDATE,"Sep 15, 2020",2020,29393,8549,37942,0,0
2096600,Crysis 2 Remastered,"Nov 17, 2022",2022,6022,731,6753,0,2999
400040,ShareX,"Oct 2, 2015",2015,7196,328,7524,0,0
512900,Streets of Rogue,"Jul 12, 2019",2019,21076,857,21933,0,1999
383080,Sakura Clicker,"Jul 29, 2015",2015,12127,2429,14556,0,0
1268750,Starship Troopers: Extermination,"Oct 10, 2024",2024,25027,5995,31022,0,2999
573090,Stormworks: Build and Rescue,"Sep 17, 2020",2020,47662,5280,52942,0,2499
20510,S.T.A.L.K.E.R.: Clear Sky,"Sep 15, 2008",2008,18987,3267,22254,0,1999
774861,Project Winter,"May 23, 2019",2019,15638,3261,18899,0,999
1501750,Lords of the Fallen,"Oct 13, 2023",2023,27969,14164,42133,0,2999
1169040,Necesse,"Oct 16, 2025",2025,15988,1083,17071,0,1499
457330,High Octane Drift,"Oct 14, 2016",2016,3265,2684,5949,0,0
969990,SpongeBob SquarePants: Battle for Bikini Bottom - Rehydrated,"Jun 23, 2020",2020,15692,989,16681,0,2999
361280,Turmoil,"Jun 2, 2016",2016,13816,1037,14853,0,259
516750,My Summer Car,"Jan 8, 2025",2025,86445,4949,91394,0,1499
210970,The Witness,"Jan 26, 2016",2016,16069,2868,18937,0,3999
715210,The Pillage,"May 31, 2018",2018,49,7,56,0,299
311240,Zero Escape: Zero Time Dilemma,"Jun 29, 2016",2016,3598,749,4347,0,1999
4580,"Warhammer 40,000: Dawn of War - Dark Crusade","Aug 7, 2007",2007,8658,318,8976,0,0
584400,Sonic Mania,"Aug 29, 2017",2017,24500,1631,26131,0,1999
2400,The Ship: Murder Party,"Jul 11, 2006",2006,5108,842,5950,0,999
860510,Little Nightmares II,"Feb 10, 2021",2021,40494,2548,43042,0,2999
423230,Furi,"Jul 5, 2016",2016,11103,1101,12204,0,1999
682990,Drug Dealer Simulator,"Apr 16, 2020",2020,18054,6004,24058,0,1999
356670,Spooky's Jump Scare Mansion,"Jul 28, 2015",2015,13926,1072,14998,0,0
13230,Unreal Tournament 2004: Editor's Choice Edition,"Mar 17, 2008",2008,3934,142,4076,0,0
977400,Cell to Singularity - Evolution Never Ends,"Nov 3, 2021",2021,21284,2406,23690,0,0
295110,Just Survive,"Jan 15, 2015",2015,45716,31640,77356,0,0
31280,Poker Night at the Inventory,"Nov 22, 2010",2010,8477,969,9446,0,0
1940340,Darkest Dungeon II,"May 8, 2023",2023,16355,5184,21539,0,3999
1262540,Need for Speed,"Jun 4, 2020",2020,16504,7099,23603,0,2999
12810,Overlord II,"Jun 23, 2009",2009,4139,505,4644,0,999
38410,Fallout 2: A Post Nuclear Role Playing Game,"Aug 19, 2009",2009,14550,884,15434,0,999
418530,Spelunky 2,"Sep 29, 2020",2020,19062,1423,20485,0,1999
9420,Supreme Commander: Forged Alliance,"Sep 28, 2011",2011,13042,426,13468,0,1299
3830,Psychonauts,"Oct 11, 2006",2006,17040,885,17925,0,999
212740,TERA - Action MMORPG,"Jan 31, 2017",2017,6071,1678,7749,0,0
992300,嗜血印 Bloody Spell,"Jan 26, 2022",2022,31311,3806,35117,0,2499
217200,Worms Armageddon,"Mar 19, 2013",2013,9524,583,10107,0,299
16900,GROUND BRANCH,"Aug 14, 2018",2018,19351,2325,21676,0,2999
304650,SUNLESS SEA,"Feb 6, 2015",2015,7715,1573,9288,0,1899
13210,Unreal Tournament 3 Black,"Mar 5, 2009",2009,3566,489,4055,0,0
448470,Bacteria,"Mar 23, 2016",2016,232,175,407,0,99
233270,Far Cry 3 - Blood Dragon,"May 1, 2013",2013,15566,2168,17734,0,374
9200,RAGE,"Oct 3, 2011",2011,13646,3915,17561,0,999
20,Team Fortress Classic,"Apr 1, 1999",1999,7602,1136,8738,0,499
3117820,Sultan's Game,"Mar 30, 2025",2025,20637,1233,21870,0,2499
383980,Rivals of Aether,"Mar 28, 2017",2017,34357,1469,35826,0,2999
288470,Fable Anniversary,"Sep 12, 2014",2014,12507,2088,14595,0,3499
368370,Her Story,"Jun 24, 2015",2015,8718,1014,9732,0,999
394310,Punch Club,"Jan 8, 2016",2016,11986,2883,14869,0,999
505460,Foxhole,"Sep 28, 2022",2022,36855,7213,44068,0,2999
250320,The Wolf Among Us,"Oct 11, 2013",2013,34914,764,35678,0,1499
481510,Night in the Woods,"Feb 21, 2017",2017,17649,1092,18741,0,1999
302670,Call to Arms,"Apr 27, 2018",2018,18474,4759,23233,0,1499
311560,Assassin’s Creed Rogue,"Mar 9, 2015",2015,15451,2611,18062,0,1999
736190,Chinese Parents,"Sep 28, 2018",2018,23459,2192,25651,0,999
243970,"Invisible, Inc.","May 12, 2015",2015,5126,481,5607,0,1999
230290,Universe Sandbox,"Aug 24, 2015",2015,26456,992,27448,0,2999
2338770,NBA 2K24,"Sep 7, 2023",2023,13567,29895,43462,0,5999
614570,Dishonored: Death of the Outsider,"Sep 14, 2017",2017,10794,1509,12303,0,2999
655500,MX Bikes,"Oct 7, 2019",2019,26514,1602,28116,0,3499
57900,Duke Nukem Forever,"Jun 13, 2011",2011,7586,3406,10992,0,1999
333420,Cossacks 3,"Sep 20, 2016",2016,12060,2690,14750,0,1999
496300,Kingdom: New Lands,"Aug 9, 2016",2016,10095,1646,11741,0,1499
2456740,inZOI,"Mar 27, 2025",2025,16548,4311,20859,0,3999
1291340,Townscaper,"Aug 26, 2021",2021,20101,927,21028,0,599
450540,"Hot Dogs, Horseshoes & Hand Grenades","Apr 5, 2016",2016,21452,652,22104,0,1999
242700,Injustice: Gods Among Us Ultimate Edition,"Nov 12, 2013",2013,16534,2651,19185,0,1999
249050,Dungeon of the ENDLESS,"Oct 27, 2014",2014,11749,1985,13734,0,1199
258970,Gauntlet Slayer Edition,"Sep 23, 2014",2014,8079,1808,9887,0,1999
429660,Tales of Berseria,"Jan 26, 2017",2017,16835,1573,18408,0,4999
201870,Assassin's Creed Revelations,"Nov 29, 2011",2011,15282,2765,18047,0,1999
617830,SUPERHOT VR,"May 25, 2017",2017,7652,2597,10249,0,2499
1809540,Nine Sols,"May 28, 2024",2024,27488,1408,28896,0,2999
304030,ArcheAge,"Mar 26, 2015",2015,3833,3545,7378,0,0
1462040,FINAL FANTASY VII REMAKE INTERGRADE,"Jun 17, 2022",2022,33079,4228,37307,0,3999
729040,Borderlands Game of the Year Enhanced,"Aug 31, 2023",2023,20262,4221,24483,0,2999
1672970,Minecraft Dungeons,"Sep 22, 2021",2021,12725,1227,13952,0,1999
747610,Zula Global,"Jan 12, 2018",2018,5310,2285,7595,0,0
400250,Heaven Island - VR MMO,"Dec 23, 2015",2015,1487,883,2370,0,199
1022450,War Selection,"Oct 8, 2019",2019,18745,3109,21854,0,0
1527950,Wartales,"Apr 12, 2023",2023,26326,3010,29336,0,3499
1041720,Kingdoms of Amalur: Re-Reckoning,"Sep 8, 2020",2020,5468,1670,7138,0,3999
950670,Gothic Playable Teaser,"Dec 13, 2019",2019,10607,4457,15064,0,0
326460,ShellShock Live,"May 22, 2020",2020,32540,2353,34893,0,999
40700,Machinarium,"Oct 16, 2009",2009,16384,860,17244,0,1999
12900,AudioSurf,"Feb 15, 2008",2008,10490,470,10960,0,999
2108330,F1 23,"Jun 15, 2023",2023,15059,2456,17515,0,0
1930,Two Worlds Epic Edition,"Apr 30, 2009",2009,4283,1311,5594,0,1499
1451940,NEEDY STREAMER OVERLOAD,"Jan 21, 2022",2022,44718,2487,47205,0,1599
290340,Armello,"Sep 1, 2015",2015,12911,2848,15759,0,2499
997010,Police Simulator: Patrol Officers,"Nov 10, 2022",2022,15108,4313,19421,0,2999
1029550,Torque Drift,"Apr 20, 2021",2021,9259,2867,12126,0,0
668630,Tricolour Lovestory,"Sep 20, 2017",2017,22818,5038,27856,0,59
21090,F.E.A.R.,"May 21, 2010",2010,15867,1069,16936,0,999
553640,ICEY,"Nov 17, 2016",2016,24297,2629,26926,0,1099
437220,The Culling,"Oct 5, 2017",2017,9960,7437,17397,0,0
578310,BRAIN / OUT,"Feb 24, 2017",2017,12592,2769,15361,0,0
2252570,Football Manager 2024,"Nov 6, 2023",2023,20927,2121,23048,0,5999
794600,LET IT DIE,"Sep 26, 2018",2018,4404,1487,5891,0,0
234630,Project CARS,"May 6, 2015",2015,11422,2986,14408,0,0
339340,Resident Evil 0,"Jan 19, 2016",2016,11048,2522,13570,0,1999
3900,Sid Meier's Civilization IV,"Oct 25, 2006",2006,3134,241,3375,0,399
489940,BATTALION 1944,"May 23, 2019",2019,9796,6659,16455,0,0
1012880,60 Seconds! Reatomized,"Jul 25, 2019",2019,15967,957,16924,0,999
2390840,Zombie Defense: The Last Frontier,"Jan 5, 2024",2024,26,13,39,0,99
378860,Project CARS 2,"Sep 21, 2017",2017,14903,3471,18374,0,0
745740,Reflex,"Nov 23, 2017",2017,670,115,785,0,99
382490,Relic Hunters Zero: Remix,"Aug 18, 2015",2015,6309,459,6768,0,0
731490,Crash Bandicoot N. Sane Trilogy,"Jun 29, 2018",2018,16702,1332,18034,0,1599
517630,Just Cause 4 Reloaded,"Dec 4, 2018",2018,18698,11600,30298,0,6903
282800,100% Orange Juice,"May 16, 2014",2014,25886,2350,28236,0,699
42960,Victoria II,"Aug 30, 2010",2010,17950,1527,19477,0,1999
32440,LEGO Star Wars - The Complete Saga,"Nov 12, 2009",2009,23000,787,23787,0,1999
383120,Empyrion - Galactic Survival,"Aug 5, 2020",2020,26195,7052,33247,0,1999
115320,Prototype 2,"Jul 24, 2012",2012,11376,3605,14981,0,1199
557340,My Friend Pedro,"Jun 20, 2019",2019,26344,1183,27527,0,1999
39000,Moonbase Alpha,"Jul 6, 2010",2010,11622,1216,12838,0,0
690640,Trine 4: The Nightmare Prince,"Oct 8, 2019",2019,11924,1455,13379,0,2999
214510,LEGO The Lord of the Rings,"Nov 27, 2012",2012,12822,1390,14212,0,1999
1252330,DEATHLOOP,"Sep 13, 2021",2021,22306,6899,29205,0,5999
235340,Prime World,"Mar 31, 2014",2014,2214,1571,3785,0,0
362960,Tyranny,"Nov 10, 2016",2016,11080,1658,12738,0,2999
107310,Cthulhu Saves the World,"Jul 13, 2011",2011,3148,281,3429,0,299
1161580,Hardspace: Shipbreaker,"May 24, 2022",2022,18276,2146,20422,0,3499
2320,Quake II,"Aug 3, 2007",2007,8821,407,9228,0,999
1088150,Scribble It!,"Oct 20, 2020",2020,6711,1080,7791,0,0
236690,Blood Bowl 2: Legendary Edition (Classic),"Sep 5, 2017",2017,6997,1893,8890,0,2999
1096530,Solasta: Crown of the Magister,"May 27, 2021",2021,17785,2608,20393,0,2999
213610,Sonic Adventure 2,"Nov 19, 2012",2012,22711,2761,25472,0,999
790710,World of Warplanes,"Feb 10, 2022",2022,3646,1460,5106,0,0
541570,Sally Face - Episode One,"Dec 14, 2016",2016,21939,622,22561,0,299
1455840,Dorfromantik,"Apr 28, 2022",2022,26639,958,27597,0,1399
710920,Darksiders Genesis,"Dec 5, 2019",2019,10185,2188,12373,0,449
670290,Real Pool 3D - Poolians,"Jan 4, 2018",2018,13042,3918,16960,0,0
269950,X-Plane 11,"Mar 30, 2017",2017,17554,1363,18917,0,2999
1124300,HUMANKIND,"Aug 17, 2021",2021,18573,8672,27245,0,4999
247120,Portal 2 Sixense Perceptual Pack,"Sep 20, 2013",2013,299,225,524,0,0
300380,Road Redemption,"Oct 4, 2017",2017,10485,2262,12747,0,299
329050,Devil May Cry 4 Special Edition,"Jun 23, 2015",2015,16223,2172,18395,0,2499
1253920,Rogue Legacy 2,"Apr 28, 2022",2022,13143,1326,14469,0,2499
332950,Dark Deception,"Sep 26, 2018",2018,18879,2352,21231,0,0
232010,Euro Truck Simulator,"Mar 8, 2013",2013,6093,1198,7291,0,499
1184140,KartRider: Drift,"Jan 9, 2023",2023,3910,1460,5370,0,0
339600,VEGA Conflict,"Dec 14, 2015",2015,2865,2020,4885,0,0
410900,Forts,"Apr 19, 2017",2017,20535,1786,22321,0,1499
2296990,We Were Here Expeditions: The FriendShip,"Sep 14, 2023",2023,20306,2028,22334,0,399
283640,Salt and Sanctuary,"May 17, 2016",2016,18485,2167,20652,0,1799
1173690,Resident Evil 3: Raccoon City Demo,"Mar 19, 2020",2020,8985,1084,10069,0,0
371660,Far Cry Primal,"Feb 29, 2016",2016,28267,4625,32892,0,2999
397950,Clustertruck,"Sep 27, 2016",2016,16041,1113,17154,0,1499
1966900,20 Minutes Till Dawn,"Jun 8, 2023",2023,25358,2361,27719,0,499
437920,Tricky Towers,"Aug 2, 2016",2016,14179,1516,15695,0,1499
20500,Red Faction Guerrilla Steam Edition,"Sep 15, 2009",2009,6859,765,7624,0,1999
40970,Stronghold Crusader HD (2012),"Oct 21, 2013",2013,19346,465,19811,0,999
218680,Scribblenauts Unlimited,"Nov 19, 2012",2012,11038,717,11755,0,1999
1605220,Dune: Spice Wars,"Sep 14, 2023",2023,9973,2547,12520,0,3499
715220,Ironsight,"Dec 18, 2019",2019,4149,1145,5294,0,0
826630,Iron Harvest,"Aug 31, 2020",2020,10945,4123,15068,0,2999
996470,eFootball  PES 2020,"Sep 10, 2019",2019,18667,7563,26230,0,0
1919590,NBA 2K23,"Sep 8, 2022",2022,31908,19567,51475,0,0
48720,Mount & Blade: With Fire & Sword,"May 3, 2011",2011,11961,1613,13574,0,999
12140,Max Payne,"Jan 6, 2011",2011,13072,1581,14653,0,999
1206560,WorldBox - God Simulator,"Dec 2, 2021",2021,41874,2188,44062,0,1999
903950,Last Oasis,"Mar 26, 2020",2020,14952,9133,24085,0,2999
233290,Murdered: Soul Suspect,"Jun 3, 2014",2014,14278,2373,16651,0,1999
1295660,Sid Meier's Civilization VII,"Feb 10, 2025",2025,20502,21746,42248,0,6999
2300320,Farming Simulator 25,"Nov 12, 2024",2024,28079,5496,33575,0,2999
1325860,VTube Studio,"Mar 12, 2021",2021,5283,412,5695,0,0
997070,Marvel's Avengers - The Definitive Edition,"Sep 4, 2020",2020,22704,11386,34090,0,0
916440,Anno 1800,"Apr 16, 2019",2019,20368,4723,25091,0,5999
858810,Dawn of Man,"Mar 1, 2019",2019,14845,2252,17097,0,2499
1407200,World of Tanks,"Apr 28, 2021",2021,72570,15266,87836,0,0
238430,Contagion,"Oct 25, 2013",2013,11222,4206,15428,0,399
1244460,Jurassic World Evolution 2,"Nov 9, 2021",2021,32817,3821,36638,0,5999
1118310,RetroArch,"May 27, 2022",2022,7224,839,8063,0,0
882100,XCOM: Chimera Squad,"Apr 23, 2020",2020,16302,6407,22709,0,299
206210,Gotham City Impostors Free to Play,"Aug 30, 2012",2012,10295,1754,12049,0,0
205950,Jet Set Radio,"Sep 19, 2012",2012,7097,1030,8127,0,0
879160,Battlerite Royale,"Feb 19, 2019",2019,6088,2103,8191,0,0
1106840,Hydroneer,"May 8, 2020",2020,21755,3368,25123,0,449
1210320,Potion Craft: Alchemist Simulator,"Dec 13, 2022",2022,34716,2892,37608,0,1999
728540,Islands of Nyne: Battle Royale,"Jul 12, 2018",2018,3387,3302,6689,0,0
1657630,Slime Rancher 2,"Sep 23, 2025",2025,31703,1916,33619,0,2999
1119730,"Ranch Simulator: Build, Hunt, Farm","Nov 3, 2023",2023,28977,7042,36019,0,2499
285160,LEGO The Hobbit,"Apr 8, 2014",2014,7895,1882,9777,0,1999
246420,Kingdom Rush  - Tower Defense,"Jan 6, 2014",2014,14430,402,14832,0,999
1448440,Wo Long: Fallen Dynasty,"Mar 3, 2023",2023,13447,14241,27688,0,3999
1817190,Marvel’s Spider-Man: Miles Morales,"Nov 18, 2022",2022,40722,2959,43681,0,4999
1810580,Nobody - The Turnaround,"Nov 16, 2022",2022,8509,5730,14239,0,0
244450,Men of War: Assault Squad 2,"May 15, 2014",2014,40520,3881,44401,0,599
282660,Easy eSports,"Sep 10, 2015",2015,7812,1883,9695,0,0
1325200,Nioh 2 – The Complete Edition,"Feb 5, 2021",2021,39965,5531,45496,0,4999
960990,Beyond: Two Souls,"Jun 18, 2020",2020,24755,3272,28027,0,1999
383180,Dead Island: Riptide Definitive Edition,"May 31, 2016",2016,8342,3358,11700,0,1999
751780,Forager,"Apr 18, 2019",2019,36751,4130,40881,0,1999
209660,Call of Duty: Advanced Warfare - Gold Edition,"Nov 3, 2014",2014,13493,8403,21896,0,1979
544920,Darwin Project,"Jan 13, 2020",2020,14978,3410,18388,0,0
226860,Galactic Civilizations III,"May 14, 2015",2015,7874,2408,10282,0,2999
1418630,Dread Hunger,"Jan 26, 2022",2022,27859,18326,46185,0,0
939400,LoveChoice,"Nov 15, 2021",2021,31465,2425,33890,0,159
2321470,Deep Rock Galactic: Survivor,"Sep 17, 2025",2025,31693,4865,36558,0,1299
268870,Satellite Reign,"Aug 27, 2015",2015,3737,1492,5229,0,2999
953490,CARRION,"Jul 23, 2020",2020,25814,1496,27310,0,1999
698670,Scorn,"Oct 14, 2022",2022,11887,3613,15500,0,3999
1418100,Swords of Legends Online,"Jul 9, 2021",2021,3878,1944,5822,0,0
329110,Gems of War - Puzzle RPG,"Nov 20, 2014",2014,7067,1723,8790,0,0
1264670,The Wind Road,"Jul 9, 2020",2020,4706,2098,6804,0,2999
1128920,EVERSPACE 2,"Apr 6, 2023",2023,10088,1540,11628,0,4999
214340,Deponia,"Aug 6, 2012",2012,10509,1566,12075,0,999
205230,Hell Yeah! Wrath of the Dead Rabbit,"Oct 3, 2012",2012,3132,543,3675,0,1499
1258080,Shop Titans,"May 5, 2020",2020,13249,3679,16928,0,0
17570,"Pirates, Vikings, and Knights II","Feb 12, 2010",2010,5227,730,5957,0,0
610080,Realm Grinder,"Jun 15, 2017",2017,6185,917,7102,0,0
2713550,Cursed Dawn,"Apr 7, 2025",2025,2,7,9,0,1499
962730,Skater XL - The Ultimate Skateboarding Game,"Jul 28, 2020",2020,16733,2736,19469,0,3999
375910,Anno 2205,"Nov 2, 2015",2015,4174,1819,5993,0,3999
1262600,Need for Speed Rivals,"Jun 4, 2020",2020,6633,2218,8851,0,1999
911400,Assassin's Creed III Remastered,"Mar 29, 2019",2019,7703,4881,12584,0,3999
1237980,STAR WARS Battlefront,"Jun 11, 2020",2020,4116,1129,5245,0,1999
1337520,Risk of Rain Returns,"Nov 8, 2023",2023,25087,2736,27823,0,1499
2679460,Metaphor: ReFantazio,"Oct 10, 2024",2024,31641,3199,34840,0,6999
1419170,My Singing Monsters,"Mar 24, 2021",2021,39143,2558,41701,0,0
1134570,F1 2021,"Jul 15, 2021",2021,30062,5024,35086,0,0
2212330,Your Only Move Is HUSTLE,"Feb 2, 2023",2023,30716,1160,31876,0,499
2420110,Horizon Forbidden West Complete Edition,"Mar 21, 2024",2024,20325,2410,22735,0,5999
1062520,Dinkum,"Apr 22, 2025",2025,22671,1913,24584,0,1999
994280,Gujian3(古剑奇谭三),"Dec 14, 2018",2018,41193,6652,47845,0,2999
1222730,STAR WARS: Squadrons,"Oct 1, 2020",2020,17756,9298,27054,0,3999
1669980,Volcano Princess,"Apr 20, 2023",2023,40290,890,41180,0,1099
368070,Sniper Ghost Warrior 3,"Apr 24, 2017",2017,12341,6161,18502,0,199
47780,Dead Space 2,"Jan 25, 2011",2011,24396,1550,25946,0,1999
872410,ROMANCE OF THE THREE KINGDOMS XIV,"Jan 15, 2020",2020,9421,5690,15111,0,5999
23490,Tropico 3,"Oct 20, 2009",2009,1653,202,1855,0,999
531510,Just Shapes & Beats,"May 31, 2018",2018,21613,537,22150,0,1999
2440510,Forza Motorsport,"Oct 9, 2023",2023,4749,5236,9985,0,6999
1036700,My Beautiful Paper Smile,"Oct 14, 2021",2021,340,58,398,0,1499
469600,Legion TD 2 - Multiplayer Tower Defense,"Oct 1, 2021",2021,11713,1837,13550,0,2499
380840,Teeworlds,"Aug 24, 2015",2015,3869,507,4376,0,0
22300,Fallout 3,"Oct 28, 2008",2008,16975,3955,20930,0,999
92800,SpaceChem,"Mar 2, 2011",2011,4605,387,4992,0,999
17430,Need for Speed Undercover,"Dec 19, 2008",2008,5969,1957,7926,0,0
236090,Dust: An Elysian Tail,"May 24, 2013",2013,17758,880,18638,0,1499
6920,Deus Ex: Invisible War,"Mar 29, 2007",2007,1322,969,2291,0,699
22000,World of Goo,"Oct 13, 2008",2008,5808,347,6155,0,1499
1244800,Terraformers,"Mar 9, 2023",2023,2906,387,3293,0,1999
1789480,Marauders,"Oct 3, 2022",2022,14768,5911,20679,0,2999
34830,Sniper: Ghost Warrior,"Jun 24, 2010",2010,4744,3381,8125,0,79
571740,Golf It!,"Aug 18, 2023",2023,26261,2748,29009,0,899
335330,Brick-Force,"Dec 11, 2014",2014,1605,2219,3824,0,0
420530,OneShot,"Dec 8, 2016",2016,52785,919,53704,0,999
377840,FINAL FANTASY IX,"Apr 14, 2016",2016,11281,611,11892,0,2099
209670,Cortex Command,"Sep 28, 2012",2012,4293,1692,5985,0,1999
1671210,DELTARUNE,"Jun 4, 2025",2025,2804,31,2835,0,2499
553420,TUNIC,"Mar 16, 2022",2022,13921,1260,15181,0,2999
611790,House Party,"Jul 15, 2022",2022,12922,2066,14988,0,2499
21130,LEGO Harry Potter: Years 1-4,"Jun 25, 2010",2010,7862,1154,9016,0,1999
215530,The Incredible Adventures of Van Helsing,"May 22, 2013",2013,8306,1719,10025,0,1499
235540,Warhammer: End Times - Vermintide,"Oct 23, 2015",2015,16874,4216,21090,0,2999
597170,Clone Drone in the Danger Zone,"Jul 27, 2021",2021,32025,1042,33067,0,1999
627270,Injustice 2,"Nov 30, 2017",2017,19320,3077,22397,0,999
626690,Sword Art Online: Fatal Bullet,"Feb 23, 2018",2018,15142,4011,19153,0,1999
293180,Overcast - Walden and the Werewolf,"Apr 18, 2014",2014,1790,1136,2926,0,499
221640,Super Hexagon,"Nov 27, 2012",2012,23905,771,24676,0,299
867210,Songs of Conquest,"May 20, 2024",2024,10044,1632,11676,0,2999
1328660,Need for Speed Hot Pursuit Remastered,"Nov 6, 2020",2020,9296,2219,11515,0,2999
211420,DARK SOULS: Prepare To Die Edition,"Aug 24, 2012",2012,71475,6662,78137,0,0
251950,WWII Online,"Jul 6, 2023",2023,1863,1850,3713,0,0
332800,Five Nights at Freddy's 2,"Nov 10, 2014",2014,21272,1425,22697,0,799
2780980,LOCKDOWN Protocol,"Nov 18, 2025",2025,13058,1808,14866,0,999
595520,FINAL FANTASY XII THE ZODIAC AGE,"Feb 1, 2018",2018,7748,860,8608,0,4999
1066780,Transport Fever 2,"Dec 11, 2019",2019,24960,2667,27627,0,3999
707010,Will To Live Online,"Apr 5, 2018",2018,12263,5314,17577,0,0
1262560,Need for Speed Most Wanted,"Jun 18, 2020",2020,17586,5164,22750,0,1999
215100,Ragnarok Online,"Oct 31, 2013",2013,1651,642,2293,0,0
301640,Zombie Army Trilogy,"Mar 6, 2015",2015,15274,2389,17663,0,4499
530620,Resident Evil 7 Teaser: Beginning Hour,"Dec 18, 2016",2016,4067,523,4590,0,0
357900,Make it indie!,"Apr 1, 2015",2015,581,678,1259,0,99
1080110,F1 2020,"Jul 9, 2020",2020,37531,2566,40097,0,0
1104450,Bombergrounds: Battle Royale,"Oct 6, 2022",2022,7240,1190,8430,0,0
301750,RADical ROACH Remastered,"May 16, 2014",2014,642,491,1133,0,0
686200,Door Kickers: Action Squad,"Sep 10, 2018",2018,9617,522,10139,0,1399
234710,Poker Night 2,"Apr 26, 2013",2013,6337,894,7231,0,0
1627720,Lies of P,"Sep 18, 2023",2023,48336,4149,52485,0,5999
2161700,Persona 3 Reload,"Feb 1, 2024",2024,40182,2385,42567,0,5999
865610,Tails Noir,"Jun 8, 2021",2021,2072,1021,3093,0,2499
2221490,Tom Clancy’s The Division 2,"Jan 12, 2023",2023,17029,5339,22368,0,2999
317360,Double Action: Boogaloo,"Oct 23, 2014",2014,10555,788,11343,0,0
648120,Pixel Sketch,"Jun 19, 2017",2017,740,272,1012,0,0
399810,Call of Cthulhu,"Oct 29, 2018",2018,9824,2568,12392,0,1999
1065310,Evil West,"Nov 21, 2022",2022,7625,2616,10241,0,4999
536930,MOBIUS FINAL FANTASY,"Feb 5, 2017",2017,3208,1176,4384,0,0
403190,Planetbase,"Oct 15, 2015",2015,7859,1993,9852,0,1499
1007040,EARTH DEFENSE FORCE 5,"Jul 11, 2019",2019,10166,597,10763,0,5999
1468260,Leaf Blower Revolution - Idle Game,"Dec 4, 2020",2020,23863,1429,25292,0,0
208200,DOOM 3,"Oct 15, 2012",2012,9834,1535,11369,0,999
339800,HuniePop,"Jan 19, 2015",2015,26390,1002,27392,0,999
1189490,觅长生,"Jan 12, 2023",2023,26443,1896,28339,0,1499
1473480,A.V.A,"Aug 23, 2022",2022,3593,4011,7604,0,0
575090,Flame of Memory,"Dec 8, 2017",2017,20,13,33,0,0
413410,Danganronpa: Trigger Happy Havoc,"Feb 18, 2016",2016,29230,1201,30431,0,1999
219890,Antichamber,"Jan 31, 2013",2013,16269,846,17115,0,1999
341940,Hatred,"Jun 1, 2015",2015,18412,3709,22121,0,599
536220,The Walking Dead: A New Frontier,"Dec 20, 2016",2016,13947,2899,16846,0,1499
559650,Witch It,"Oct 22, 2020",2020,17137,2143,19280,0,299
32500,STAR WARS: The Force Unleashed II,"Oct 26, 2010",2010,4692,2696,7388,0,1999
667890,Dead Maze,"Feb 13, 2018",2018,3540,1173,4713,0,0
522210,Serial Cleaner,"Jul 14, 2017",2017,3244,526,3770,0,299
666140,My Time at Portia,"Jan 15, 2019",2019,39671,3599,43270,0,2999
310370,The Way of Life Free Edition,"May 31, 2016",2016,4609,1617,6226,0,0
669330,Mechabellum,"Sep 26, 2024",2024,12973,2105,15078,0,1199
1262240,Plants vs. Zombies: Battle for Neighborville,"Jun 4, 2020",2020,12261,4994,17255,0,2999
41700,S.T.A.L.K.E.R.: Call of Pripyat,"Feb 11, 2010",2010,29579,1378,30957,0,1999
250180,METAL SLUG 3,"Feb 14, 2014",2014,7698,881,8579,0,159
422100,Heaven Island Life,"Apr 21, 2016",2016,386,319,705,0,99
999220,Amnesia: Rebirth,"Oct 20, 2020",2020,6676,2010,8686,0,2999
10150,Prototype,"Jun 10, 2009",2009,9896,2461,12357,0,599
412880,Drift Streets Japan,"Dec 21, 2015",2015,2329,1276,3605,0,499
489630,"Warhammer 40,000: Gladius - Relics of War","Jul 12, 2018",2018,12195,2780,14975,0,3999
208480,Assassin’s Creed III,"Nov 20, 2012",2012,10458,3698,14156,0,0
244160,Homeworld Remastered Collection,"Feb 25, 2015",2015,12005,1584,13589,0,3499
463710,Puzzle Galaxies,"Apr 29, 2016",2016,100,68,168,0,99
567640,Danganronpa V3: Killing Harmony,"Sep 25, 2017",2017,16665,3225,19890,0,3999
1214670,Mr. Sun's Hatbox,"Apr 20, 2023",2023,384,61,445,0,1499
376570,WildStar,"Jun 9, 2016",2016,3822,1278,5100,0,0
607260,McOsu,"Mar 20, 2017",2017,5484,701,6185,0,0
330020,Children of Morta,"Sep 3, 2019",2019,18625,2341,20966,0,329
2878980,NBA 2K25,"Oct 28, 2024",2024,18767,13207,31974,0,6999
1377580,Soulworker,"May 12, 2021",2021,7552,3088,10640,0,0
625340,XERA: Survival,"Sep 26, 2021",2021,5185,2589,7774,0,0
1302240,Labyrinthine,"Aug 18, 2023",2023,13842,2416,16258,0,999
690040,SUPERHOT: MIND CONTROL DELETE,"Jul 16, 2020",2020,10143,1872,12015,0,2499
555160,Pavlov,"Dec 4, 2024",2024,35512,4160,39672,0,2499
678800,SAS: Zombie Assault 4,"Oct 16, 2017",2017,7854,1258,9112,0,0
1148650,The Legend of Bum-Bo,"Nov 12, 2019",2019,4695,1106,5801,0,1499
1549970,Aliens: Fireteam Elite,"Aug 23, 2021",2021,19732,4999,24731,0,2999
13140,America's Army 3,"Jun 17, 2009",2009,1732,727,2459,0,0
404790,Godot Engine,"Feb 23, 2016",2016,6696,1110,7806,0,0
619820,Heroes of Hammerwatch II,"Jan 14, 2025",2025,3684,612,4296,0,1999
1382330,Persona 5 Strikers,"Feb 22, 2021",2021,14384,1932,16316,0,5999
1718570,ASTLIBRA Revision,"Oct 13, 2022",2022,25774,1184,26958,0,2499
400750,Call to Arms - Gates of Hell: Ostfront,"Jun 11, 2021",2021,19837,3974,23811,0,874
359870,FINAL FANTASY X/X-2 HD Remaster,"May 12, 2016",2016,18031,2016,20047,0,2999
558100,Art of War: Red Tides,"Dec 22, 2016",2016,5458,1460,6918,0,0
787480,Phoenix Wright: Ace Attorney Trilogy,"Apr 9, 2019",2019,36370,884,37254,0,2999
427290,Vampyr,"Jun 4, 2018",2018,17075,5009,22084,0,3999
365360,Battle Brothers,"Mar 24, 2017",2017,21455,2874,24329,0,2999
1222690,Dragon Age Inquisition,"Jun 4, 2020",2020,14780,4815,19595,0,3999
1369630,ENDER LILIES: Quietus of the Knights,"Jun 21, 2021",2021,37155,2378,39533,0,999
1227890,Summer Memories,"Jun 14, 2020",2020,20258,1541,21799,0,1999
434570,Blood and Bacon,"Feb 1, 2016",2016,32796,1633,34429,0,99
631510,Devil May Cry HD Collection,"Mar 13, 2018",2018,15904,1214,17118,0,2999
590380,Into the Breach,"Feb 27, 2018",2018,19126,1090,20216,0,1499
329430,State of Decay: YOSE,"Apr 27, 2015",2015,10111,2212,12323,0,1999
1490890,Demon Slayer -Kimetsu no Yaiba- The Hinokami Chronicles,"Oct 15, 2021",2021,16576,2423,18999,0,5999
252530,OMSI 2: Steam Edition,"Dec 11, 2013",2013,11270,1923,13193,0,2099
244930,SNOW - The Ultimate Edition,"Feb 14, 2019",2019,7672,4382,12054,0,0
960170,DJMAX RESPECT V,"Mar 11, 2020",2020,26014,3112,29126,0,999
915320,Pixel Strike 3D,"May 29, 2020",2020,9310,3293,12603,0,0
1049800,BLOCKADE,"May 21, 2019",2019,8570,2889,11459,0,0
1922560,Plants vs. Zombies Garden Warfare 2: Deluxe Edition,"May 16, 2022",2022,30964,3331,34295,0,2999
1385380,Across the Obelisk,"Aug 16, 2022",2022,9733,2133,11866,0,999
352400,LEGO Jurassic World,"Jun 11, 2015",2015,8747,744,9491,0,1999
237310,Elsword,"Jul 2, 2014",2014,7057,2516,9573,0,0
347560,Terra Incognita Chapter One: The Descendant,"Feb 3, 2015",2015,671,373,1044,0,99
1465360,SnowRunner,"May 17, 2021",2021,39488,4393,43881,0,2999
1097840,Gears 5,"Sep 9, 2019",2019,16400,6909,23309,0,2999
375480,Chronicon,"Aug 21, 2020",2020,8798,517,9315,0,1399
411300,ELEX,"Oct 17, 2017",2017,14162,4856,19018,0,2999
513780,Turbo Pug DX,"Sep 26, 2016",2016,1407,405,1812,0,99
578650,The Outer Worlds,"Oct 23, 2020",2020,21727,4325,26052,0,2999
404410,Endless Sky,"Oct 30, 2015",2015,6141,510,6651,0,0
736260,Baba Is You,"Mar 13, 2019",2019,21441,480,21921,0,1499
931690,Himno,"Apr 26, 2019",2019,5272,503,5775,0,0
1256670,Library Of Ruina,"Aug 10, 2021",2021,32471,2038,34509,0,2999
859580,Imperator: Rome,"Apr 25, 2019",2019,17159,9343,26502,0,3999
2051620,Enlisted: Reinforced,"Jul 16, 2024",2024,22507,5656,28163,0,0
1164850,Sinking Simulator,"Oct 23, 2019",2019,3663,634,4297,0,99
224480,Octodad: Dadliest Catch,"Jan 30, 2014",2014,9539,616,10155,0,509
803330,Destroy All Humans!,"Jul 28, 2020",2020,10010,827,10837,0,2999
225840,Sven Co-op,"Jan 22, 2016",2016,29316,2000,31316,0,0
1703340,The Stanley Parable: Ultra Deluxe,"Apr 27, 2022",2022,28795,1760,30555,0,2499
1677280,Company of Heroes 3,"Feb 23, 2023",2023,18936,14310,33246,0,5999
763890,Wildermyth,"Jun 15, 2021",2021,16587,904,17491,0,2499
575110,Magic Lantern,"Jan 29, 2017",2017,24,2,26,0,0
2000950,Call of Duty: Modern Warfare,"Mar 8, 2023",2023,16610,4378,20988,0,1979
480490,Prey,"May 4, 2017",2017,46381,4652,51033,0,2999
280160,Aragami,"Oct 4, 2016",2016,11480,1268,12748,0,1999
2058180,Judgment,"Sep 14, 2022",2022,9190,553,9743,0,3999
738520,Breathedge,"Feb 25, 2021",2021,12620,2700,15320,0,2499
2130,Dark Messiah of Might & Magic,"Oct 25, 2006",2006,4769,355,5124,0,999
222480,Resident Evil Revelations,"May 20, 2013",2013,12258,2947,15205,0,1999
91600,Sanctum,"Apr 15, 2011",2011,2943,359,3302,0,999
9350,Supreme Commander,"Sep 28, 2011",2011,2615,324,2939,0,1299
1113120,IXION,"Dec 7, 2022",2022,12290,3399,15689,0,3499
1338770,Sniper Ghost Warrior Contracts 2,"Jun 4, 2021",2021,10606,1975,12581,0,3999
1238000,Mass Effect: Andromeda Deluxe Edition,"Jun 11, 2020",2020,12344,4232,16576,0,3999
350080,Wolfenstein: The Old Blood,"May 4, 2015",2015,18761,2052,20813,0,1999
410110,12 is Better Than 6,"Nov 20, 2015",2015,6152,1217,7369,0,999
1954200,Kena: Bridge of Spirits,"Sep 26, 2022",2022,14031,1209,15240,0,3999
485610,Soccer Online: Ball 3D,"Mar 31, 2017",2017,8539,1552,10091,0,99
597820,BIOMUTANT,"May 25, 2021",2021,12840,6587,19427,0,3999
1285670,Post Void,"Aug 6, 2020",2020,10588,307,10895,0,299
362680,Fran Bow,"Aug 27, 2015",2015,18502,514,19016,0,1499
689580,TurnSignal,"Aug 28, 2017",2017,634,62,696,0,0
331360,Heavy Metal Machines,"Sep 19, 2018",2018,2983,986,3969,0,0
257850,Hyper Light Drifter,"Mar 31, 2016",2016,16617,1226,17843,0,599
313160,Farming Simulator 15,"Oct 30, 2014",2014,14243,1193,15436,0,1299
1127400,Mindustry,"Sep 26, 2019",2019,21329,937,22266,0,999
19680,Alice: Madness Returns,"Jun 17, 2011",2011,21729,2358,24087,0,999
479130,ESEA,"Jul 8, 2016",2016,3052,1125,4177,0,0
2593370,The Hungry Lamb: Traveling in the Late Ming Dynasty,"Apr 22, 2024",2024,50859,1921,52780,0,999
493900,Dungeons 3,"Oct 13, 2017",2017,17320,1062,18382,0,2999
240760,Wasteland 2: Director's Cut,"Sep 18, 2014",2014,6641,1413,8054,0,2999
1116960,UNDEFEATED,"Aug 2, 2019",2019,6046,867,6913,0,0
298240,War Trigger 3,"Dec 22, 2015",2015,4896,3328,8224,0,0
247000,Talisman: Digital Classic Edition,"Feb 25, 2014",2014,7569,2092,9661,0,699
1283970,YoloMouse - Cursor Changer,"May 1, 2020",2020,2159,177,2336,0,399
493490,City Car Driving,"Nov 3, 2016",2016,24830,5346,30176,0,249
46500,Syberia,"May 19, 2011",2011,5566,739,6305,0,1299
1812620,DSX,"Jun 24, 2022",2022,3667,1706,5373,0,799
1245250,Thrive: Heavy Lies The Crown,"Jun 18, 2025",2025,179,69,248,0,2799
22600,Worms Reloaded,"Aug 26, 2010",2010,4236,631,4867,0,499
1226470,Shadow Arena,"May 21, 2020",2020,3064,2420,5484,0,0
2990,FlatOut 2,"Dec 21, 2006",2006,17923,737,18660,0,999
384190,ABZU,"Aug 2, 2016",2016,24253,1860,26113,0,1999
312670,Strange Brigade,"Aug 27, 2018",2018,9034,1694,10728,0,4999
875210,Kingdom Heroes 8,"Jan 12, 2021",2021,7842,6640,14482,0,2999
17340,Crysis Warhead,"Sep 17, 2008",2008,1783,324,2107,0,1999
1985810,Call of Duty: Black Ops Cold War,"Mar 8, 2023",2023,15797,3923,19720,0,1979
861650,Session: Skate Sim,"Sep 22, 2022",2022,12016,2383,14399,0,3999
445980,Wizard of Legend,"May 15, 2018",2018,18633,1887,20520,0,1599
501300,What Remains of Edith Finch,"Apr 24, 2017",2017,43128,1925,45053,0,1999
65540,Gothic 1,"Mar 15, 2001",2001,14629,1233,15862,0,1999
2140020,Stronghold: Definitive Edition,"Nov 7, 2023",2023,7470,1211,8681,0,1499
409160,"Dr. Langeskov, The Tiger, and The Terribly Cursed Emerald: A Whirlwind Heist","Dec 4, 2015",2015,9108,665,9773,0,0
319910,Trine 3: The Artifacts of Power,"Aug 20, 2015",2015,5598,3261,8859,0,2199
1162520,Richman10,"Oct 24, 2019",2019,7451,6871,14322,0,1399
562810,MONOPOLY PLUS,"Sep 7, 2017",2017,6919,9432,16351,0,0
301910,Saints Row: Gat out of Hell,"Jan 20, 2015",2015,7190,2362,9552,0,1499
1543030,Sword and Fairy 7,"Oct 21, 2021",2021,13296,5058,18354,0,1199
955900,Amazing Cultivation Simulator,"Nov 24, 2020",2020,19720,3289,23009,0,2499
17450,Dragon Age: Origins,"Nov 6, 2009",2009,9656,870,10526,0,2999
351470,Sometimes: Success Requires Sacrifice,"Feb 27, 2015",2015,430,172,602,0,0
1084600,My Time at Sandrock,"Nov 2, 2023",2023,23218,3065,26283,0,3999
677120,Heroes of Hammerwatch,"Mar 1, 2018",2018,8061,1123,9184,0,1499
960910,Heavy Rain,"Jun 18, 2020",2020,16745,2962,19707,0,1999
367450,Poly Bridge,"Jul 12, 2016",2016,16075,1509,17584,0,999
1025580,Vainglory,"Feb 13, 2019",2019,2734,1435,4169,0,0
388090,Five Nights at Freddy's 4,"Jul 23, 2015",2015,13686,1065,14751,0,799
489520,Minion Masters,"May 24, 2019",2019,58108,6797,64905,0,0
3990,Civilization IV: Warlords,"Apr 6, 2007",2007,442,44,486,0,499
2138710,Sifu,"Mar 28, 2023",2023,19536,1593,21129,0,3999
1549180,Propnight,"Dec 1, 2021",2021,13055,7234,20289,0,0
1659420,UNCHARTED: Legacy of Thieves Collection,"Oct 19, 2022",2022,26740,2949,29689,0,1649
704450,Neverwinter Nights: Enhanced Edition,"Mar 27, 2018",2018,7717,850,8567,0,1999
1949190,Necrosmith,"Jul 13, 2022",2022,4375,719,5094,0,299
690830,Foundation,"Jan 31, 2025",2025,17195,2937,20132,0,3499
1361000,In Silence,"Oct 29, 2021",2021,8945,2850,11795,0,399
650700,Yume Nikki,"Jan 9, 2018",2018,8120,509,8629,0,0
323910,SteamVR Performance Test,"Feb 22, 2016",2016,4129,1265,5394,0,0
386070,Planetary Annihilation: TITANS,"Aug 18, 2015",2015,11976,2149,14125,0,2999
211600,Thief Gold,"May 22, 2012",2012,3567,295,3862,0,699
1336490,Against the Storm,"Dec 8, 2023",2023,29837,1575,31412,0,2999
201230,EverQuest II,"Dec 7, 2011",2011,2150,554,2704,0,0
230230,Divinity: Original Sin (Classic),"Jun 30, 2014",2014,10798,987,11785,0,3999
238260,Pinball Arcade,"Nov 4, 2013",2013,3002,1078,4080,0,0
1850740,Ghost Watchers,"Jul 24, 2025",2025,13093,2058,15151,0,899
391070,Stellar 2D,"Jul 30, 2015",2015,393,575,968,0,99
1149460,ICARUS,"Dec 3, 2021",2021,34070,13002,47072,0,3499
838380,DEAD OR ALIVE 6,"Feb 28, 2019",2019,6975,2340,9315,0,5999
1009850,OVR Advanced Settings,"Apr 14, 2020",2020,4200,345,4545,0,799
1207650,Suzerain,"Dec 4, 2020",2020,8658,608,9266,0,1999
203750,Binary Domain,"Apr 27, 2012",2012,6594,1107,7701,0,1499
835860,Dreadnought,"Oct 14, 2018",2018,4450,2090,6540,0,0
2408820,Luma Island,"Nov 20, 2024",2024,7995,1538,9533,0,1999
1669000,Age of Wonders 4,"May 2, 2023",2023,14901,3350,18251,0,2499
368360,60 Seconds!,"May 25, 2015",2015,9749,1768,11517,0,899
970830,The Dungeon Of Naheulbeuk: The Amulet Of Chaos,"Sep 17, 2020",2020,6538,931,7469,0,3499
512470,The Pirate: Caribbean Hunt,"Aug 24, 2016",2016,3659,781,4440,0,0
1692250,F1 22,"Jul 1, 2022",2022,17694,8046,25740,0,0
376210,The Isle,"Dec 1, 2015",2015,77185,17619,94804,0,1999
374280,Hired Ops,"Apr 13, 2021",2021,10532,5109,15641,0,0
476620,Call of Duty: WWII,"Nov 2, 2017",2017,11394,8523,19917,0,1979
1133060,Anarchy: Wolf's law,"Jun 8, 2023",2023,595,159,754,0,499
253030,Race The Sun,"Dec 9, 2013",2013,5895,401,6296,0,999
985890,Streets of Rage 4,"Apr 30, 2020",2020,16617,1298,17915,0,2499
212800,Super Crate Box,"Aug 29, 2012",2012,5770,716,6486,0,0
28000,Kane & Lynch 2: Dog Days,"Aug 17, 2010",2010,5816,3061,8877,0,999
1030210,Torchlight III,"Oct 13, 2020",2020,5225,6005,11230,0,3999
468920,Ultimate Fishing Simulator,"Aug 30, 2018",2018,7014,803,7817,0,1999
488860,MADNESS: Project Nexus,"Sep 29, 2021",2021,15360,438,15798,0,2499
394230,Battleborn,"May 3, 2016",2016,6079,3649,9728,0,0
375230,"Warhammer 40,000: Eternal Crusade","Sep 23, 2016",2016,6274,6280,12554,0,0
1693980,Dead Space,"Jan 27, 2023",2023,46485,4774,51259,0,5999
1432860,Sun Haven,"Mar 10, 2023",2023,18523,3933,22456,0,2499
1971870,Mortal Kombat 1,"Sep 19, 2023",2023,25879,11246,37125,0,999
1249800,Xuan-Yuan Sword VII,"Oct 28, 2020",2020,5949,3535,9484,0,3499
1388880,Doki Doki Literature Club Plus!,"Jun 30, 2021",2021,26680,859,27539,0,1499
1674470,ELYON,"Oct 20, 2021",2021,2375,2014,4389,0,0
39190,Dungeon Siege,"Apr 5, 2011",2011,3217,724,3941,0,699
569610,Distant Space,"Dec 20, 2016",2016,317,82,399,0,99
343270,Disillusions Manga Horror,"Jan 16, 2015",2015,319,218,537,0,99
228300,Remember Me,"Jun 3, 2013",2013,13365,2732,16097,0,2999
814540,Changed,"Apr 4, 2018",2018,14935,2269,17204,0,499
234330,MARVEL Puzzle Quest,"Dec 5, 2013",2013,3068,1319,4387,0,0
242640,Styx: Master of Shadows,"Oct 7, 2014",2014,8795,1795,10590,0,199
813630,Supraland,"Apr 5, 2019",2019,12526,628,13154,0,1999
1397920,Mr.Mine,"Sep 30, 2020",2020,15826,1390,17216,0,0
1209040,Cyber Hunter,"Jun 18, 2020",2020,7919,3017,10936,0,0
217750,Age of Conan: Unchained,"Feb 22, 2013",2013,1901,840,2741,0,0
414530,Skyforge,"Apr 13, 2017",2017,2589,1746,4335,0,0
205710,EverQuest,"Dec 13, 2012",2012,1938,465,2403,0,0
711810,Never Split the Party,"May 3, 2019",2019,3326,1029,4355,0,0
1105670,The Last Spell,"Mar 9, 2023",2023,10557,939,11496,0,2499
2141730,Backrooms: Escape Together,"Oct 18, 2022",2022,19915,2854,22769,0,999
298260,Only If,"Jul 25, 2014",2014,3699,2246,5945,0,0
1451190,Undisputed,"Oct 8, 2024",2024,12158,7191,19349,0,4999
40390,Risen 2: Dark Waters,"Apr 26, 2012",2012,5082,1275,6357,0,999
91330,Iron Front: Digital War Edition,"May 25, 2012",2012,503,348,851,0,1499
839200,SpedV,"Dec 26, 2018",2018,720,205,925,0,0
1088710,Yakuza 3 Remastered,"Jan 28, 2021",2021,7364,1767,9131,0,1999
287980,Mini Metro,"Nov 6, 2015",2015,15064,608,15672,0,999
760060,Mutant Year Zero: Road to Eden,"Dec 4, 2018",2018,18032,1896,19928,0,3499
2427700,Backpack Battles,"Jun 13, 2025",2025,13410,1370,14780,0,1199
359800,Copa Petrobras de Marcas,"Apr 8, 2015",2015,1860,932,2792,0,0
1003590,Tetris Effect: Connected,"Aug 17, 2021",2021,7528,404,7932,0,3999
12830,Operation Flashpoint: Dragon Rising,"Oct 6, 2009",2009,1676,751,2427,0,0
1989270,Slay the Princess — The Pristine Cut,"Oct 23, 2023",2023,23265,698,23963,0,1799
297130,Titan Souls,"Apr 14, 2015",2015,10347,2766,13113,0,1499
545110,Driver Booster 4 for Steam,"Nov 7, 2016",2016,631,201,832,0,0
731040,The Invincible,"Nov 6, 2023",2023,6306,821,7127,0,1199
7520,Two Worlds II HD,"Feb 3, 2011",2011,4224,2476,6700,0,2499
1359090,Zero Hour,"Sep 9, 2024",2024,24924,6706,31630,0,999
885970,Total War: ROME REMASTERED,"Apr 29, 2021",2021,9102,2860,11962,0,2999
1233570,Mirror's Edge Catalyst,"Jun 4, 2020",2020,12334,2963,15297,0,1999
895870,Project Wingman,"Dec 1, 2020",2020,18028,1189,19217,0,2499
305050,Outland,"Sep 29, 2014",2014,3165,770,3935,0,0
249230,Risen 3 - Titan Lords,"Aug 12, 2014",2014,4553,1560,6113,0,1499
847370,Sunset Overdrive,"Nov 16, 2018",2018,11638,1261,12899,0,1999
241540,State of Decay,"Nov 5, 2013",2013,14817,2711,17528,0,0
1592190,BONELAB,"Sep 29, 2022",2022,12888,3393,16281,0,3999
1372640,Candle In Darkness,"Sep 16, 2023",2023,6,2,8,0,499
1333350,Angel Legion,"Aug 14, 2020",2020,9717,1727,11444,0,0
2700,RollerCoaster Tycoon 3: Platinum,"Mar 12, 2008",2008,4754,425,5179,0,0
342180,Arizona Sunshine,"Dec 6, 2016",2016,7354,1911,9265,0,1999
485310,Head Shot,"Jun 3, 2016",2016,968,852,1820,0,699
206190,Gunpoint,"Jun 3, 2013",2013,12770,323,13093,0,999
439350,Kritika:REBOOT,"Nov 11, 2019",2019,3478,1074,4552,0,0
1288310,Firework,"Feb 3, 2021",2021,40672,886,41558,0,999
264200,One Finger Death Punch,"Mar 3, 2014",2014,15955,336,16291,0,499
609320,FAR: Lone Sails,"May 17, 2018",2018,21211,1104,22315,0,1499
1881700,Undawn,"Jun 13, 2023",2023,3439,2906,6345,0,0
427410,Abiotic Factor,"Jul 22, 2025",2025,30157,1117,31274,0,2799
24790,Command & Conquer 3: Tiberium Wars,"Nov 13, 2009",2009,7649,848,8497,0,1988
1390350,Webbed,"Sep 9, 2021",2021,13512,326,13838,0,999
673610,Airport CEO,"Mar 4, 2021",2021,6433,1251,7684,0,2499
1120810,Eastern Exorcist,"Jul 7, 2021",2021,5497,993,6490,0,1079
1469280,SuchArt: Creative Space,"Jan 21, 2021",2021,6872,144,7016,0,0
1010750,Blood Fresh Supply,"May 9, 2019",2019,6775,305,7080,0,999
620590,Ancestors Legacy,"May 22, 2018",2018,6597,1776,8373,0,3499
529180,Dark and Light,"Jul 20, 2017",2017,6133,5557,11690,0,1799
331470,Everlasting Summer,"Nov 19, 2014",2014,71592,3922,75514,0,0
2208920,Assassin's Creed Valhalla,"Dec 6, 2022",2022,21554,9420,30974,0,5999
1178490,港詭實錄ParanormalHK,"Jan 6, 2020",2020,17056,1889,18945,0,1299
1449690,The Walking Dead: The Telltale Definitive Series,"Oct 29, 2020",2020,29969,1072,31041,0,4999
2406770,Bodycam,"Jun 7, 2024",2024,25297,8507,33804,0,3332
1108320,妄想破绽 Broken Delusion,"Nov 27, 2019",2019,2443,1589,4032,0,699
428950,"Kivi, Toilet and Shotgun","Jan 15, 2016",2016,261,244,505,0,99
891040,Pool 2D - Poolians,"Dec 10, 2019",2019,8222,1216,9438,0,0
390670,Steel Ocean,"Nov 12, 2015",2015,3086,1381,4467,0,0
321360,Primal Carnage: Extinction,"Apr 3, 2015",2015,7689,1548,9237,0,1299
519190,Next Day: Survival,"May 21, 2018",2018,6433,3857,10290,0,999
606880,GreedFall,"Sep 9, 2019",2019,15429,4673,20102,0,3499
237850,Dreamfall Chapters,"Jul 21, 2017",2017,3664,776,4440,0,2499
690510,Immortal Soul: Black Survival,"Mar 19, 2019",2019,4410,974,5384,0,0
724970,神舞幻想 Faith of Danschant,"Dec 21, 2017",2017,2904,1887,4791,0,2999
1147690,NGU IDLE,"Oct 1, 2019",2019,11564,504,12068,0,0
274920,FaceRig,"Jul 7, 2015",2015,6767,1622,8389,0,0
45760,Ultra Street Fighter IV,"Aug 7, 2014",2014,14173,1536,15709,0,2999
212200,Mabinogi,"Dec 6, 2012",2012,2932,1044,3976,0,0
638230,Journey,"Jun 11, 2020",2020,32549,1963,34512,0,1499
359840,Shift Happens,"Feb 22, 2017",2017,3192,861,4053,0,1599
1970580,Backpack Hero,"Nov 14, 2023",2023,6744,948,7692,0,999
1017900,Age of Empires: Definitive Edition,"Aug 19, 2019",2019,11700,2240,13940,0,1999
798420,Professional Fishing,"Nov 30, 2018",2018,3073,923,3996,0,0
370240,NBA 2K16,"Sep 29, 2015",2015,3817,3556,7373,0,0
257730,Infinity Wars: Animated Trading Card Game,"Sep 5, 2014",2014,2675,792,3467,0,0
1015500,WWE 2K20,"Oct 21, 2019",2019,2517,3384,5901,0,0
337950,The SKIES - BETA,"Apr 16, 2016",2016,1655,2288,3943,0,0
327030,Worms W.M.D,"Aug 23, 2016",2016,10843,1818,12661,0,2999
1898300,ASKA,"Jun 20, 2024",2024,5660,1415,7075,0,2499
446150,GUNS UP!,"Feb 5, 2018",2018,4993,1679,6672,0,0
508290,$1 Ride,"Jul 28, 2016",2016,460,488,948,0,99
1127500,Mini Motorways,"Jul 20, 2021",2021,20615,817,21432,0,999
346940,Shadowrun: Hong Kong - Extended Edition,"Aug 20, 2015",2015,4030,614,4644,0,1999
331600,One Piece Pirate Warriors 3,"Aug 27, 2015",2015,8187,2165,10352,0,3999
48240,Anno 2070,"Nov 17, 2011",2011,7469,4897,12366,0,499
418340,RWBY: Grimm Eclipse,"Jul 5, 2016",2016,9344,2209,11553,0,1499
400630,Wuppo: Definitive Edition,"Sep 29, 2016",2016,5420,319,5739,0,1499
247430,Hitman: Contracts,"Jan 21, 2014",2014,2680,406,3086,0,899
8000,Tomb Raider: Anniversary,"Jun 5, 2007",2007,5488,1196,6684,0,899
212480,Sonic & All-Stars Racing Transformed Collection,"Jan 31, 2013",2013,16039,1104,17143,0,1999
466910,Worm.is: The Game,"May 4, 2016",2016,3734,890,4624,0,0
1436930,Temple of Apshai Trilogy,"Oct 19, 2020",2020,8,6,14,0,399
453820,Hero Quest: Tower Conflict,"Apr 13, 2016",2016,100,231,331,0,99
2103140,Magicraft,"Nov 1, 2024",2024,12485,1048,13533,0,1599
348250,Google Earth VR,"Nov 16, 2016",2016,3736,224,3960,0,0
317470,Cubic Castles,"Aug 13, 2014",2014,3172,1108,4280,0,0
214170,Divine Divinity,"Jul 5, 2012",2012,3106,426,3532,0,599
1644960,NBA 2K22,"Sep 9, 2021",2021,22503,16590,39093,0,0
1341290,We Were Here Forever,"May 10, 2022",2022,14823,1384,16207,0,1799
330840,Game of Thrones - A Telltale Games Series,"Dec 2, 2014",2014,8030,2559,10589,0,0
3244220,A Game About Digging A Hole,"Feb 7, 2025",2025,12737,1492,14229,0,499
567630,Blood of Steel,"Oct 20, 2020",2020,5132,1646,6778,0,0
263060,Blockstorm,"May 21, 2015",2015,5099,1275,6374,0,0
1040200,Crime Scene Cleaner,"Aug 14, 2024",2024,21567,451,22018,0,2189
511800,ONRAID,"Apr 18, 2017",2017,1335,441,1776,0,0
324810,TOXIKK,"Sep 10, 2016",2016,4485,1326,5811,0,0
1584090,Touhou Mystia's Izakaya,"Oct 1, 2021",2021,27672,577,28249,0,599
806140,Achievements printer,"Mar 2, 2018",2018,967,206,1173,0,99
528670,Elems,"Nov 11, 2016",2016,24,16,40,0,99
393420,Hurtworld,"Dec 10, 2019",2019,23689,7469,31158,0,2499
1601580,Frostpunk 2,"Sep 20, 2024",2024,16477,5151,21628,0,4499
356310,METAL SLUG DEFENSE,"May 1, 2015",2015,1166,929,2095,0,0
1267910,Melvor Idle,"Nov 18, 2021",2021,13146,1392,14538,0,999
207170,Legend of Grimrock,"Apr 11, 2012",2012,5995,406,6401,0,1499
48220,Might & Magic: Heroes VI,"Oct 13, 2011",2011,4234,4656,8890,0,999
20530,Red Faction,"Aug 5, 2009",2009,2404,376,2780,0,999
40300,Risen,"Oct 2, 2009",2009,8736,1104,9840,0,1499
263540,Villagers and Heroes,"Apr 17, 2014",2014,2052,1309,3361,0,0
2290180,Riders Republic,"Jun 8, 2023",2023,16364,3147,19511,0,3999
215830,Closers,"Feb 6, 2018",2018,3297,1214,4511,0,0
462930,AdVenture Communist,"Aug 23, 2016",2016,3017,1620,4637,0,0
385800,NEKOPARA Vol. 0,"Aug 17, 2015",2015,16447,1078,17525,0,299
427190,DEAD RISING,"Sep 12, 2016",2016,5942,799,6741,0,999
237990,The Banner Saga,"Jan 14, 2014",2014,13812,1711,15523,0,2499
32380,STAR WARS Jedi Knight: Dark Forces II,"Sep 16, 2009",2009,1675,416,2091,0,599
1301210,Knockout City,"May 21, 2021",2021,7196,1224,8420,0,0
294860,Valkyria Chronicles,"Nov 11, 2014",2014,11613,1263,12876,0,499
25000,Overgrowth,"Oct 16, 2017",2017,6876,1687,8563,0,1999
2198150,Tiny Glade,"Sep 23, 2024",2024,19362,483,19845,0,1499
607050,Wargroove,"Feb 1, 2019",2019,4255,866,5121,0,1999
6020,STAR WARS Jedi Knight - Jedi Academy,"Sep 16, 2009",2009,12746,524,13270,0,999
743450,Monster Prom,"Apr 27, 2018",2018,13052,946,13998,0,239
746850,Cloudpunk,"Apr 23, 2020",2020,12760,1751,14511,0,1999
610370,Desperados III,"Jun 16, 2020",2020,14055,485,14540,0,3999
24740,Burnout Paradise: The Ultimate Box,"Mar 12, 2009",2009,11675,1711,13386,0,0
1512530,极限求生,"Feb 10, 2021",2021,10,10,20,0,0
16450,F.E.A.R. 2: Project Origin,"Feb 12, 2009",2009,7280,1269,8549,0,1499
24720,SPORE Galactic Adventures,"Jun 23, 2009",2009,6439,791,7230,0,1999
211160,Viking: Battle for Asgard,"Oct 17, 2012",2012,1144,1163,2307,0,1499
17500,Zombie Panic! Source,"Oct 3, 2008",2008,6541,1185,7726,0,0
21000,LEGO Batman: The Videogame,"Sep 29, 2008",2008,11083,1296,12379,0,1999
115800,Owlboy,"Nov 1, 2016",2016,4918,956,5874,0,1999
537800,Bomber Crew,"Oct 19, 2017",2017,12925,1812,14737,0,239
546050,Puyo PuyoTetris,"Feb 27, 2018",2018,4654,865,5519,0,1399
58610,Wargame: European Escalation,"Feb 22, 2012",2012,2591,730,3321,0,999
7510,X-Blades,"Apr 30, 2009",2009,1948,1225,3173,0,1299
564710,Soda Dungeon,"Feb 6, 2017",2017,5814,350,6164,0,0
405310,LEGO MARVEL's Avengers,"Jan 26, 2016",2016,6950,940,7890,0,1999
716350,Reign of Guilds,"Nov 26, 2025",2025,519,313,832,0,0
268850,EVGA Precision X1,"Jul 16, 2014",2014,3806,934,4740,0,0
641320,Cooking Simulator,"Jun 6, 2019",2019,15767,2840,18607,0,1999
107300,Breath of Death VII,"Jul 13, 2011",2011,1192,231,1423,0,299
1013320,Firestone: Online Idle RPG,"Apr 1, 2024",2024,4891,1401,6292,0,0
1647160,Deepest Sword,"Jun 9, 2021",2021,9064,1360,10424,0,0
1102190,Monster Train,"May 21, 2020",2020,20995,873,21868,0,499
895400,Deadside,"Dec 5, 2024",2024,29504,9077,38581,0,2499
506610,Five Nights at Freddy's: Sister Location,"Oct 7, 2016",2016,10566,1099,11665,0,799
218640,Lucius,"Oct 26, 2012",2012,8528,1987,10515,0,149
99300,Renegade Ops,"Oct 26, 2011",2011,2374,412,2786,0,1500
332570,Amazing Frog?,"Nov 21, 2014",2014,10189,648,10837,0,1999
255520,Viscera Cleanup Detail: Shadow Warrior,"Oct 11, 2013",2013,3572,862,4434,0,2999
384300,CPUCores :: Maximize Your FPS,"Jul 6, 2015",2015,8507,3404,11911,0,1699
221680,Rocksmith 2014 Edition REMASTERED LEARN & PLAY,"Dec 19, 2024",2024,21217,2633,23850,0,999
22100,Mount & Blade,"Nov 3, 2008",2008,5934,498,6432,0,999
225420,Cities in Motion 2,"Apr 2, 2013",2013,1432,1051,2483,0,1999
694280,Zombie Army 4: Dead War,"Feb 18, 2021",2021,7974,1299,9273,0,4999
493540,Figment,"Sep 22, 2017",2017,4610,674,5284,0,1999
396750,EVERSPACE,"May 25, 2017",2017,8668,2352,11020,0,1999
503820,A Detective's Novel,"Jul 28, 2016",2016,599,283,882,0,199
320240,We Happy Few,"Aug 10, 2018",2018,10225,3102,13327,0,5999
1911390,Knightfall: A Daring Journey,"Apr 1, 2022",2022,6909,828,7737,0,0
551170,Onmyoji,"Apr 18, 2018",2018,2474,539,3013,0,0
1372280,MELTY BLOOD: TYPE LUMINA,"Sep 29, 2021",2021,8484,1118,9602,0,4999
412830,STEINS;GATE,"Sep 8, 2016",2016,20531,547,21078,0,2999
71340,Sonic Generations Collection,"Nov 3, 2011",2011,23609,1623,25232,0,5179
402570,Atlas Reactor,"Oct 4, 2016",2016,4407,873,5280,0,0
905640,Combat Arms: Reloaded,"Oct 31, 2018",2018,1650,1329,2979,0,0
248390,Craft The World,"Nov 24, 2014",2014,14118,1834,15952,0,1899
239070,Hammerwatch,"Aug 12, 2013",2013,5754,681,6435,0,999
1139980,Travellers Rest,"Jul 28, 2020",2020,12297,1603,13900,0,1799
2239150,Thronefall,"Oct 11, 2024",2024,19846,698,20544,0,1299
1241510,The Test,"Feb 24, 2020",2020,19334,620,19954,0,199
1340020,Aster Fpv Drone Simulator,"Oct 22, 2020",2020,9,4,13,0,1999
300550,Shadowrun: Dragonfall - Director's Cut,"Sep 18, 2014",2014,5652,661,6313,0,1499
204030,Fable - The Lost Chapters,"Dec 19, 2011",2011,7152,586,7738,0,999
605740,"Flashing Lights - Police, Firefighting, Emergency Services (EMS) Simulator","May 15, 2023",2023,13686,3277,16963,0,2499
329000,Data Hacker: Corruption,"Oct 22, 2014",2014,67,71,138,0,99
2027330,GoreBox,"Jul 21, 2023",2023,13136,1368,14504,0,899
1649240,Returnal,"Feb 15, 2023",2023,6925,1521,8446,0,5999
1715130,Crysis Remastered,"Sep 17, 2021",2021,9972,3146,13118,0,2999
247020,"Cook, Serve, Delicious!","Oct 8, 2013",2013,5311,309,5620,0,1299
866800,The Walking Dead: The Final Season,"Aug 13, 2018",2018,18302,982,19284,0,1999
1171690,Wayfinder,"Oct 21, 2024",2024,14412,10235,24647,0,2499
295550,Royal Quest,"Aug 6, 2014",2014,962,406,1368,0,0
268750,Magicite,"Jun 9, 2014",2014,6459,1120,7579,0,999
285920,TerraTech,"Aug 10, 2018",2018,21368,2042,23410,0,2499
12150,Max Payne 2: The Fall of Max Payne,"Jan 4, 2008",2008,11282,652,11934,0,999
402180,Sakura Swim Club,"Sep 11, 2015",2015,2382,426,2808,0,999
242550,Rayman Legends,"Sep 3, 2013",2013,8994,1049,10043,0,2999
1475380,TheDawn,"Dec 11, 2020",2020,8015,600,8615,0,0
321960,Might & Magic Heroes VII,"Sep 29, 2015",2015,3664,3082,6746,0,2999
300080,Total War Battles: KINGDOM,"Apr 9, 2015",2015,1826,1698,3524,0,0
578330,LEGO City Undercover,"Apr 4, 2017",2017,8783,889,9672,0,1999
421020,DiRT 4,"Jun 8, 2017",2017,12971,3168,16139,0,0
1522870,Supraland Six Inches Under,"Jan 14, 2022",2022,3366,124,3490,0,1999
1061090,Jump King,"May 3, 2019",2019,11081,1222,12303,0,1299
589290,Holdfast: Nations At War,"Mar 5, 2020",2020,22540,2575,25115,0,1999
222730,Reus,"May 16, 2013",2013,4576,1263,5839,0,999
921570,OCTOPATH TRAVELER,"Jun 7, 2019",2019,13070,2118,15188,0,5999
531640,Eternal Card Game,"Nov 15, 2018",2018,5384,1569,6953,0,0
445220,Avorion,"Mar 9, 2020",2020,12286,1328,13614,0,2499
433350,BlackShot: Mercenary Warfare FPS,"May 31, 2016",2016,1640,1387,3027,0,0
2163330,Yet Another Zombie Survivors,"Jul 13, 2023",2023,10169,1044,11213,0,1499
449960,Book of Demons,"Dec 13, 2018",2018,9539,2413,11952,0,2499
679900,Swords & Souls: Neverseen,"Jul 22, 2019",2019,5047,363,5410,0,1499
544330,Snake Pass,"Mar 28, 2017",2017,2560,641,3201,0,399
2369390,Far Cry 6,"May 11, 2023",2023,19411,7737,27148,0,5999
653530,Return of the Obra Dinn,"Oct 18, 2018",2018,28093,923,29016,0,1999
1213740,She Will Punish Them,"Apr 29, 2020",2020,11430,954,12384,0,1599
672680,Call of War: World War 2,"Oct 21, 2017",2017,4168,1664,5832,0,0
234670,NARUTO SHIPPUDEN: Ultimate Ninja STORM 3 Full Burst HD,"Oct 24, 2013",2013,12500,1440,13940,0,999
1316680,VLADiK BRUTAL,"Aug 9, 2024",2024,7642,810,8452,0,1199
485490,Dungeon Journey,"Jun 3, 2016",2016,214,63,277,0,199
1225570,Unravel Two,"Jun 4, 2020",2020,5994,1566,7560,0,1999
1063660,Bendy and the Dark Revival,"Nov 15, 2022",2022,12068,907,12975,0,1999
2181930,DR LIVESEY ROM AND DEATH EDITION,"Feb 13, 2023",2023,12605,731,13336,0,299
589360,Ni no Kuni II: Revenant Kingdom,"Mar 23, 2018",2018,9019,1737,10756,0,1199
719040,Wasteland 3,"Aug 27, 2020",2020,17695,3201,20896,0,3999
266430,Anarchy Arcade,"Sep 3, 2014",2014,1510,698,2208,0,0
252410,SteamWorld Dig,"Dec 5, 2013",2013,7697,498,8195,0,999
667970,VTOL VR,"Aug 3, 2017",2017,18999,369,19368,0,2999
250760,Shovel Knight: Treasure Trove,"Jun 26, 2014",2014,15438,674,16112,0,3999
223100,Homefront: The Revolution,"May 17, 2016",2016,9956,6497,16453,0,1999
946050,Soda Dungeon 2,"Jul 9, 2020",2020,5114,305,5419,0,0
292120,FINAL FANTASY XIII,"Oct 9, 2014",2014,13454,4476,17930,0,1599
393080,Call of Duty: Modern Warfare Remastered (2017),"Jul 27, 2017",2017,7542,6853,14395,0,1999
1521580,Perfect Heist 2,"Dec 10, 2021",2021,3706,289,3995,0,999
6900,Hitman: Codename 47,"Mar 15, 2007",2007,3044,1195,4239,0,799
1777760,Soccer Manager 2022,"Nov 26, 2021",2021,2194,806,3000,0,0
289950,Construction Simulator 2015,"Nov 18, 2014",2014,5569,1202,6771,0,1499
39200,Dungeon Siege II,"Aug 16, 2005",2005,2034,644,2678,0,699
654990,Dude Simulator,"Jul 13, 2017",2017,1257,807,2064,0,499
987840,Expeditions: Rome,"Jan 20, 2022",2022,5150,683,5833,0,4499
1068820,OVR Toolkit - Desktop Overlay,"Jun 28, 2019",2019,2722,372,3094,0,1099
894020,Death's Door,"Jul 20, 2021",2021,17444,1224,18668,0,1999
515180,Bus Simulator 18,"Jun 13, 2018",2018,10664,2473,13137,0,1499
457550,Bigscreen Beta,"Apr 28, 2016",2016,2669,466,3135,0,0
991780,Notes of Soul,"Jan 17, 2019",2019,16065,4715,20780,0,2999
332310,LEGO Worlds,"Mar 7, 2017",2017,11995,3308,15303,0,2999
397060,Faeria,"Mar 8, 2017",2017,5956,1168,7124,0,1999
1444740,Maniac Path,"Oct 29, 2020",2020,10,4,14,0,299
31270,Puzzle Agent,"Jul 7, 2010",2010,2384,297,2681,0,499
780290,Gloomhaven,"Oct 20, 2021",2021,12466,2517,14983,0,3499
1656780,Hero's Hour,"Mar 1, 2022",2022,4287,1082,5369,0,1799
1092660,Blair Witch,"Aug 30, 2019",2019,5716,1531,7247,0,2999
1040230,Curious Expedition 2,"Jan 28, 2021",2021,3436,424,3860,0,1999
1016800,Chernobylite Complete Edition,"Jul 28, 2021",2021,11784,2556,14340,0,2999
64000,Men of War: Assault Squad,"Feb 24, 2011",2011,4346,602,4948,0,999
916840,The Walking Dead: Saints & Sinners,"Jan 23, 2020",2020,8321,1273,9594,0,1999
1088090,Day of Dragons,"Dec 4, 2019",2019,4827,2465,7292,0,1999
1200,Red Orchestra: Ostfront 41-45,"Mar 14, 2006",2006,2156,317,2473,0,249
9880,Champions Online,"Jun 14, 2011",2011,2990,1192,4182,0,0
819190,Undead Citadel,"Jun 8, 2023",2023,192,72,264,0,2999
1238040,Dragon Age II: Ultimate Edition,"Jun 4, 2020",2020,5311,1226,6537,0,749
1029780,Going Medieval,"Mar 17, 2026",2026,16633,1873,18506,0,2999
807120,Iratus: Lord of the Dead,"Apr 23, 2020",2020,6694,1116,7810,0,2999
1817230,Hi-Fi RUSH,"Jan 25, 2023",2023,32441,898,33339,0,2999
521890,Hello Neighbor,"Dec 8, 2017",2017,16402,3219,19621,0,2999
1149620,Gas Station Simulator,"Sep 15, 2021",2021,22007,3036,25043,0,1999
732370,Juicy Realm,"May 3, 2018",2018,3177,443,3620,0,999
831450,Kolb Antarctica Experience,"Apr 17, 2018",2018,6,5,11,0,299
2066020,Soulstone Survivors,"Jun 17, 2025",2025,19922,1906,21828,0,1499
2231380,Tom Clancy's Ghost Recon Breakpoint,"Jan 23, 2023",2023,23816,8747,32563,0,5999
513000,KUBOOM,"Oct 7, 2016",2016,2488,1528,4016,0,0
774181,Rhythm Doctor,"Dec 6, 2025",2025,20881,332,21213,0,1999
385770,Time Clickers,"Jul 23, 2015",2015,4420,628,5048,0,0
973760,Thronebreaker: The Witcher Tales,"Nov 9, 2018",2018,14782,1856,16638,0,1999
1771980,The Operator,"Jul 22, 2024",2024,5750,446,6196,0,1399
46510,Syberia II,"May 19, 2011",2011,2402,387,2789,0,259
1088850,Marvel's Guardians of the Galaxy,"Oct 26, 2021",2021,36857,2301,39158,0,5999
795100,Friday the 13th: Killer Puzzle,"Apr 12, 2018",2018,5644,374,6018,0,0
1147660,ArcheAge: Unchained,"Oct 17, 2019",2019,1995,1789,3784,0,0
451340,Gold Mining Simulator,"Oct 13, 2017",2017,10873,4198,15071,0,1999
629820,Maneater,"May 25, 2021",2021,15476,1956,17432,0,3999
1238060,Dead Space 3,"Jun 18, 2020",2020,9353,3349,12702,0,1999
973580,Sniper Ghost Warrior Contracts,"Nov 22, 2019",2019,8888,3308,12196,0,299
351640,Eternal Senia,"Jun 18, 2015",2015,11658,290,11948,0,0
298630,The Escapists,"Feb 13, 2015",2015,14481,1569,16050,0,359
700600,Evil Genius 2: World Domination,"Mar 30, 2021",2021,8703,3938,12641,0,3999
591740,Sniper Fury,"Jun 13, 2017",2017,1330,1399,2729,0,0
312280,Simply Chess,"Sep 11, 2015",2015,2692,934,3626,0,0
354140,Five Nights at Freddy's 3,"Mar 2, 2015",2015,9083,999,10082,0,799
936790,Life is Strange: True Colors,"Sep 9, 2021",2021,13836,1716,15552,0,5999
501590,Bulletstorm: Full Clip Edition,"Apr 7, 2017",2017,7605,943,8548,0,3999
16810,Sid Meier's Civilization IV: Colonization,"Sep 23, 2008",2008,1212,185,1397,0,499
217920,Alien Rage - Unlimited,"Sep 24, 2013",2013,2334,1121,3455,0,1999
1282690,Crysis 3,"Jun 4, 2020",2020,4716,829,5545,0,0
365300,Transmissions: Element 120,"Jun 16, 2016",2016,9266,539,9805,0,0
428690,Youtubers Life,"Feb 2, 2017",2017,11924,3491,15415,0,1999
1504980,It Takes Two Friend's Pass,"Mar 26, 2021",2021,703,92,795,0,0
2532550,LIZARDS MUST DIE,"Sep 27, 2023",2023,25241,891,26132,0,79
673880,"Warhammer 40,000: Mechanicus","Nov 15, 2018",2018,12368,1141,13509,0,2999
266510,Hand of Fate,"Feb 17, 2015",2015,9433,1126,10559,0,1999
573100,Battlefleet Gothic: Armada 2,"Jan 24, 2019",2019,7566,2514,10080,0,1999
2124490,SILENT HILL 2,"Oct 7, 2024",2024,41028,2021,43049,0,6999
528230,SYNTHETIK: Legion Rising,"Mar 15, 2018",2018,11971,746,12717,0,1999
91200,Anomaly: Warzone Earth,"Apr 8, 2011",2011,4043,597,4640,0,99
20540,Company of Heroes: Tales of Valor,"Apr 8, 2009",2009,2140,171,2311,0,1999
529920,Resurgence,"Sep 12, 2017",2017,12,10,22,0,199
307110,We Need To Go Deeper,"Aug 1, 2019",2019,5078,773,5851,0,1599
204060,Superbrothers: Sword & Sworcery EP,"Apr 16, 2012",2012,2022,590,2612,0,279
368340,CrossCode,"Sep 20, 2018",2018,15699,1167,16866,0,1999
320300,Car Mechanic Simulator 2015,"Apr 23, 2015",2015,13466,1106,14572,0,1999
351970,Tales of Zestiria,"Oct 19, 2015",2015,7310,1794,9104,0,4999
1105510,Yakuza 5 Remastered,"Jan 28, 2021",2021,5658,673,6331,0,1999
17740,Empires Mod,"Jul 28, 2008",2008,902,140,1042,0,0
2384580,DYNASTY WARRIORS: ORIGINS,"Jan 16, 2025",2025,19369,1346,20715,0,6999
442120,Pinball FX3,"Sep 26, 2017",2017,4553,625,5178,0,2397
567680,The Pasture,"Jan 17, 2017",2017,94,114,208,0,99
1189630,Path Of Wuxia,"Nov 14, 2022",2022,23689,6527,30216,0,3499
2218750,Halls of Torment,"Sep 24, 2024",2024,27801,1218,29019,0,666
330830,Tales from the Borderlands,"Feb 16, 2021",2021,17618,988,18606,0,1999
29900,Dark Sector,"Mar 24, 2009",2009,2154,675,2829,0,999
1859910,Legend of Mortal,"Jun 14, 2024",2024,22624,9407,32031,0,1799
1934680,Age of Mythology: Retold,"Sep 4, 2024",2024,15043,1665,16708,0,2999
1343240,Thymesia,"Aug 18, 2022",2022,7105,1354,8459,0,2499
658850,Do Not Feed the Monkeys,"Oct 23, 2018",2018,10334,692,11026,0,127
215790,Dream Pinball 3D,"Sep 19, 2012",2012,365,546,911,0,999
865360,We Were Here Together,"Oct 10, 2019",2019,13321,2608,15929,0,1299
1278480,Smart Game Booster,"May 11, 2020",2020,1434,374,1808,0,0
1170950,Mortal Online 2,"Jan 25, 2022",2022,7870,5073,12943,0,3999
405640,Pony Island,"Jan 4, 2016",2016,16339,843,17182,0,499
345180,Victor Vran ARPG,"Jul 24, 2015",2015,5456,904,6360,0,1999
274900,Murder Miners,"Jul 25, 2014",2014,5492,874,6366,0,299
611660,Fallout 4 VR,"Dec 11, 2017",2017,5030,3269,8299,0,5999
874390,The Battle of Polytopia,"Aug 4, 2020",2020,4832,316,5148,0,1499
360830,Yooka-Laylee,"Apr 11, 2017",2017,3937,1320,5257,0,1999
851100,Touhou Luna Nights,"Feb 25, 2019",2019,13668,339,14007,0,1799
249650,Blackguards,"Jan 22, 2014",2014,2329,1416,3745,0,999
1173770,FINAL FANTASY,"Jul 28, 2021",2021,6448,365,6813,0,1199
557180,League of Maidens,"Apr 2, 2025",2025,3275,2742,6017,0,0
834530,Yakuza Kiwami,"Feb 19, 2019",2019,20429,1448,21877,0,1099
288160,The Room,"Jul 28, 2014",2014,28356,641,28997,0,499
6030,STAR WARS Jedi Knight II - Jedi Outcast,"Sep 16, 2009",2009,4281,413,4694,0,999
1113560,NieR Replicant ver.1.22474487139...,"Apr 23, 2021",2021,22534,3008,25542,0,2399
2378900,The Coffin of Andy and Leyley,"Oct 13, 2023",2023,29090,1067,30157,0,1199
3017860,DOOM: The Dark Ages,"May 14, 2025",2025,18891,2780,21671,0,6999
2114740,Blasphemous 2,"Aug 24, 2023",2023,13000,1237,14237,0,2999
32360,The Secret of Monkey Island: Special Edition,"Jul 15, 2009",2009,5529,270,5799,0,999
1275350,Ninja Kiwi Archive,"Jul 8, 2020",2020,5107,332,5439,0,0
385760,NBA 2K17,"Sep 20, 2016",2016,4724,4074,8798,0,0
2058190,Lost Judgment,"Sep 14, 2022",2022,7238,428,7666,0,5999
6980,Thief: Deadly Shadows,"Mar 29, 2007",2007,1990,459,2449,0,899
1244090,Sea of Stars,"Aug 28, 2023",2023,11331,1367,12698,0,3499
424030,War of Rights,"Dec 3, 2018",2018,11619,1526,13145,0,2999
360940,The Mean Greens - Plastic Warfare,"Dec 8, 2015",2015,8332,1879,10211,0,999
503940,Railway Empire,"Jan 26, 2018",2018,7797,1619,9416,0,2999
1458560,I'm on Observation Duty 3,"Nov 13, 2020",2020,242,67,309,0,299
539470,Police Stories,"Sep 19, 2019",2019,7406,1295,8701,0,1999
1104640,New Frontier,"Dec 27, 2019",2019,1834,1883,3717,0,0
252150,Grimm,"Jan 6, 2014",2014,10338,925,11263,0,0
22350,BRINK,"May 9, 2011",2011,4999,2954,7953,0,0
761620,Beholder 2,"Dec 4, 2018",2018,6253,890,7143,0,1799
1128000,Cube World,"Sep 30, 2019",2019,6872,11701,18573,0,1999
1089130,Quake II RTX,"Jun 6, 2019",2019,4009,581,4590,0,0
326360,Warspear Online,"Nov 2, 2017",2017,2068,767,2835,0,0
305260,Battle Islands,"Aug 6, 2014",2014,2604,822,3426,0,0
753650,Due Process,"Nov 3, 2020",2020,6713,1495,8208,0,999
2849080,Kingdom Rush 5: Alliance TD,"Jul 25, 2024",2024,7763,1092,8855,0,1999
939850,The Dark Pictures Anthology: Man of Medan,"Aug 29, 2019",2019,8812,2797,11609,0,1999
343360,Particula,"Feb 2, 2015",2015,1664,721,2385,0,2999
2300,DOOM II,"Aug 3, 2007",2007,8691,417,9108,0,0
550470,NosTale - Anime MMORPG,"Sep 18, 2017",2017,2432,1001,3433,0,0
397340,SimplePlanes,"Dec 17, 2015",2015,9763,707,10470,0,1299
255220,GRID Autosport,"Jun 26, 2014",2014,6764,1914,8678,0,0
774801,Crab Champions,"Apr 1, 2023",2023,26307,553,26860,0,749
464060,RUINER,"Sep 26, 2017",2017,10381,1211,11592,0,1999
49600,Beat Hazard,"Apr 15, 2010",2010,6984,395,7379,0,999
728530,SD GUNDAM G GENERATION CROSS RAYS,"Nov 27, 2019",2019,6572,1294,7866,0,1999
1158160,Coral Island,"Nov 14, 2023",2023,19184,2544,21728,0,2999
2135150,Elin,"Nov 1, 2024",2024,6163,412,6575,0,1999
336390,System Shock 2 (1999),"May 10, 2013",2013,4408,279,4687,0,999
252870,PULSAR: Lost Colony,"Jun 22, 2021",2021,5020,558,5578,0,1999
2142790,Fields of Mistria,"Aug 5, 2024",2024,19544,414,19958,0,1399
223830,Xenonauts,"Jun 16, 2014",2014,4265,624,4889,0,2499
360170,How to Survive 2,"Sep 8, 2016",2016,7552,3362,10914,0,1499
1843760,Rogue Tower,"Jan 28, 2022",2022,4637,996,5633,0,1499
644830,The Surge 2,"Sep 23, 2019",2019,6523,2005,8528,0,2999
248820,Risk of Rain (2013),"Nov 8, 2013",2013,27648,1978,29626,0,999
1681430,RoboCop: Rogue City,"Nov 2, 2023",2023,20146,2561,22707,0,3999
72200,Universe Sandbox Legacy,"Apr 29, 2011",2011,2372,579,2951,0,0
97100,Section 8: Prejudice,"May 4, 2011",2011,835,229,1064,0,0
1026680,FINAL FANTASY VIII - REMASTERED,"Sep 3, 2019",2019,3363,1239,4602,0,1999
276810,Mordheim: City of the Damned,"Nov 19, 2015",2015,5662,2399,8061,0,1999
548570,RAGE 2,"May 13, 2019",2019,10320,6086,16406,0,3999
774241,Warhammer: Chaosbane,"May 31, 2019",2019,3505,2567,6072,0,2999
681280,Descenders,"May 7, 2019",2019,18141,1092,19233,0,624
462770,Pyre,"Jul 25, 2017",2017,8178,860,9038,0,1999
574820,Cat or Bread?,"May 8, 2017",2017,691,55,746,0,199
95400,ibb & obb,"May 26, 2014",2014,5959,664,6623,0,1199
593600,PixARK,"May 31, 2019",2019,9112,3400,12512,0,1999
203630,Warlock - Master of the Arcane,"May 8, 2012",2012,2216,355,2571,0,624
1041320,Lords Mobile,"Jun 2, 2019",2019,3761,1856,5617,0,0
1510,Uplink,"Aug 23, 2006",2006,2143,216,2359,0,1199
1547000,Grand Theft Auto: San Andreas – The Definitive Edition,"Jan 19, 2023",2023,6814,2051,8865,0,5999
447530,VA-11 Hall-A: Cyberpunk Bartender Action,"Jun 21, 2016",2016,35526,936,36462,0,1499
413420,Danganronpa 2: Goodbye Despair,"Apr 18, 2016",2016,25613,998,26611,0,1999
3700,Sniper Elite,"Jul 16, 2009",2009,2906,890,3796,0,799
473690,Absolver,"Aug 29, 2017",2017,10497,4039,14536,0,2999
315430,Polarity,"Jul 15, 2016",2016,3721,969,4690,0,1299
248610,Door Kickers,"Oct 20, 2014",2014,9277,561,9838,0,1999
508170,BlackSmith HIT,"Aug 5, 2016",2016,570,119,689,0,99
256290,Child of Light,"Apr 29, 2014",2014,12122,1098,13220,0,1499
252850,Streamline,"Sep 30, 2016",2016,1426,582,2008,0,0
758190,Dragon Cliff,"May 11, 2018",2018,6998,826,7824,0,999
1195460,Last Year,"Dec 9, 2019",2019,5991,3711,9702,0,0
13250,Unreal Gold,"Mar 17, 2008",2008,2208,267,2475,0,0
2381590,Only Up,"May 24, 2023",2023,11002,4035,15037,0,0
296470,Mount Your Friends,"Jul 29, 2014",2014,7327,366,7693,0,499
219830,King Arthur's Gold,"Nov 5, 2013",2013,4390,814,5204,0,0
260230,Valiant Hearts: The Great War / Soldats Inconnus : Mémoires de la Grande Guerre,"Jun 25, 2014",2014,24888,1155,26043,0,1499
212390,Continent of the Ninth Seal,"Sep 13, 2012",2012,1006,403,1409,0,0
824550,SD GUNDAM BATTLE ALLIANCE,"Aug 24, 2022",2022,3683,2160,5843,0,5999
200210,Realm of the Mad God Exalt,"Feb 20, 2012",2012,38723,7897,46620,0,0
1135690,Unpacking,"Nov 1, 2021",2021,32883,2418,35301,0,1999
666860,Bit Heroes Quest,"Dec 13, 2017",2017,2567,619,3186,0,0
372800,RPG MO,"Aug 18, 2015",2015,2289,613,2902,0,0
2437170,SMITE 2,"Aug 27, 2024",2024,8257,6096,14353,0,0
503560,911 Operator,"Feb 24, 2017",2017,14616,1819,16435,0,1499
2140510,Town of Salem 2,"Aug 25, 2023",2023,5692,2092,7784,0,0
78000,Bejeweled 3,"Dec 7, 2010",2010,6963,296,7259,0,499
909080,Cube Escape: Paradox,"Sep 20, 2018",2018,10264,290,10554,0,0
429050,Feed and Grow: Fish,"Jan 8, 2016",2016,14733,4239,18972,0,1499
33229,Tom Clancy's Splinter Cell Conviction,"Apr 29, 2010",2010,3188,1248,4436,0,999
1496790,Gotham Knights,"Oct 21, 2022",2022,15271,7395,22666,0,5999
1259980,RIDE 4,"Oct 8, 2020",2020,9661,2068,11729,0,3999
285330,RollerCoaster Tycoon 2: Triple Thrill Pack,"May 21, 2014",2014,4864,581,5445,0,999
1782120,ZERO Sievert,"Oct 23, 2024",2024,11326,1912,13238,0,1999
311290,SpellForce 3 Reforced,"Dec 7, 2017",2017,5837,1766,7603,0,799
732690,FIVE NIGHTS AT FREDDY'S: HELP WANTED,"May 28, 2019",2019,11969,494,12463,0,2999
954740,Terminator: Resistance,"Nov 14, 2019",2019,15132,1348,16480,0,3999
784080,MechWarrior 5: Mercenaries,"May 26, 2021",2021,10793,1963,12756,0,2999
941460,Death Trash,"Aug 5, 2021",2021,3291,242,3533,0,1999
2336220,Feed the Cups,"Feb 20, 2024",2024,3922,9286,13208,0,1439
362490,Exanima,"Apr 29, 2015",2015,10132,2214,12346,0,1499
2772750,Age of History 3,"Oct 23, 2024",2024,11105,1607,12712,0,999
784150,Workers & Resources: Soviet Republic,"Jun 20, 2024",2024,20192,1983,22175,0,3999
236150,Starpoint Gemini 2,"Sep 26, 2014",2014,2843,1250,4093,0,3499
533540,MONMUSU,"May 11, 2018",2018,4025,1012,5037,0,0
434050,Duke Nukem 3D: 20th Anniversary World Tour,"Oct 11, 2016",2016,4802,882,5684,0,1999
921590,DISSIDIA FINAL FANTASY NT Free Edition,"Mar 12, 2019",2019,1570,1986,3556,0,0
382310,Eco,"Feb 6, 2018",2018,10744,2468,13212,0,2999
232910,TrackMania² Stadium,"Jun 20, 2013",2013,5841,736,6577,0,499
1471410,SYNTHETIK 2,"Nov 11, 2021",2021,1990,406,2396,0,1999
272510,NARUTO SHIPPUDEN: Ultimate Ninja STORM Revolution,"Sep 15, 2014",2014,7336,1365,8701,0,2999
398710,Timberman,"Sep 18, 2015",2015,10572,764,11336,0,99
448630,Rabiez: Epidemic,"Mar 4, 2016",2016,96,131,227,0,99
2095300,Breakout 13,"Jan 8, 2023",2023,6283,865,7148,0,649
326960,Killing Floor - Toy Master,"Oct 16, 2014",2014,35,3,38,0,0
94400,Nidhogg,"Jan 13, 2014",2014,6909,776,7685,0,999
248860,NEO Scavenger,"Dec 15, 2014",2014,4693,536,5229,0,1499
1235140,Yakuza: Like a Dragon,"Nov 10, 2020",2020,31409,1853,33262,0,1999
1562700,SANABI,"Nov 8, 2023",2023,35011,943,35954,0,1499
764790,The Messenger,"Aug 30, 2018",2018,11059,801,11860,0,1999
1206610,Rubber Bandits,"Dec 2, 2021",2021,5454,973,6427,0,999
2144740,Ghostrunner 2,"Oct 26, 2023",2023,7676,1840,9516,0,799
320040,Moon Hunters,"Mar 10, 2016",2016,3975,1120,5095,0,1499
231160,The Swapper,"May 30, 2013",2013,6929,440,7369,0,1499
799960,Wizard101,"Sep 6, 2018",2018,6721,1475,8196,0,0
343780,Cat Goes Fishing,"Jan 19, 2015",2015,13316,840,14156,0,699
1021210,Cyber Knights: Flashpoint,"Jun 2, 2025",2025,1042,55,1097,0,2999
234080,Castlevania: Lords of Shadow – Ultimate Edition,"Aug 27, 2013",2013,7529,1790,9319,0,2999
1142500,Fun with Ragdolls: The Game,"Sep 17, 2019",2019,4341,614,4955,0,1499
994730,Banner of the Maid,"May 27, 2019",2019,6854,984,7838,0,1699
281610,Homeworld: Deserts of Kharak,"Jan 20, 2016",2016,6789,1730,8519,0,4999
745920,Temtem,"Sep 6, 2022",2022,31828,7113,38941,0,4499
2600,Vampire: The Masquerade - Bloodlines,"Mar 22, 2007",2007,13141,727,13868,0,999
1064610,Neon Beats,"May 3, 2019",2019,6221,287,6508,0,0
2488620,F1 24,"May 31, 2024",2024,11826,4370,16196,0,6999
598980,The Coin Game,"Mar 19, 2026",2026,5184,234,5418,0,1999
242880,"Sir, You Are Being Hunted","May 2, 2014",2014,3019,868,3887,0,1999
616560,Ultimate Epic Battle Simulator,"Jun 1, 2017",2017,9304,2851,12155,0,1499
371970,Barony,"Jun 23, 2015",2015,9725,786,10511,0,1999
401680,POSTAL Redux,"May 20, 2016",2016,6216,549,6765,0,107
202200,Galactic Civilizations II: Ultimate Edition,"Dec 2, 2011",2011,1269,381,1650,0,999
718670,Cultist Simulator,"May 31, 2018",2018,10292,2711,13003,0,1999
443810,This Is the Police,"Aug 2, 2016",2016,8820,1832,10652,0,1499
1402020,SCP: Labrat,"Dec 24, 2022",2022,3294,710,4004,0,0
576120,Purgatory II,"Feb 28, 2018",2018,19,27,46,0,99
40100,Supreme Commander 2,"Mar 1, 2010",2010,10975,1456,12431,0,1299
1238020,Mass Effect 3 N7 Digital Deluxe Edition (2012),"Jun 11, 2020",2020,1922,635,2557,0,2999
2820,X3: Terran Conflict,"Oct 16, 2008",2008,2383,408,2791,0,1599
2707900,NIGHT-RUNNERS PROLOGUE,"Feb 23, 2024",2024,17531,884,18415,0,0
418500,Rising Storm 2: Vietnam,"May 30, 2017",2017,21844,5410,27254,0,2499
1243830,Overcooked! All You Can Eat,"Mar 23, 2021",2021,4457,1684,6141,0,3999
382120,Journey To The Center Of The Earth,"Sep 25, 2015",2015,480,216,696,0,0
459220,Halo Wars: Definitive Edition,"Apr 20, 2017",2017,7788,761,8549,0,1999
1180660,Tell Me Why,"Aug 27, 2020",2020,11457,2426,13883,0,0
39150,FINAL FANTASY VIII,"Dec 5, 2013",2013,8005,1067,9072,0,479
220780,Thomas Was Alone,"Nov 12, 2012",2012,8685,582,9267,0,499
335670,LISA: The Painful,"Dec 15, 2014",2014,13949,644,14593,0,1199
927350,Hood: Outlaws & Legends,"May 10, 2021",2021,3675,4009,7684,0,0
1227690,Severed Steel,"Sep 17, 2021",2021,6798,315,7113,0,2499
18500,Defense Grid: The Awakening,"Dec 8, 2008",2008,4946,196,5142,0,999
405900,Disgaea PC,"Feb 24, 2016",2016,4021,588,4609,0,1999
587620,Okami HD,"Dec 12, 2017",2017,9054,775,9829,0,1999
369990,"Gremlins, Inc.","Mar 10, 2016",2016,7065,1324,8389,0,1999
11450,Overlord,"Oct 26, 2007",2007,5954,410,6364,0,499
351030,Pixel Puzzles Ultimate Jigsaw Puzzles,"Aug 29, 2022",2022,2018,659,2677,0,0
302590,Of Guards And Thieves,"Jul 16, 2014",2014,3697,631,4328,0,0
1046030,ISLANDERS,"Apr 4, 2019",2019,15434,882,16316,0,499
954850,Kerbal Space Program 2,"Feb 24, 2023",2023,8683,20701,29384,0,4999
293260,Card Hunter,"Jul 13, 2015",2015,4487,749,5236,0,0
1677770,The Case of the Golden Idol,"Oct 13, 2022",2022,8464,152,8616,0,1799
1182620,Impostor Factory,"Sep 30, 2021",2021,11287,486,11773,0,999
506140,Shop Heroes,"Aug 15, 2016",2016,2458,1220,3678,0,0
39510,Gothic II: Gold Edition,"Nov 29, 2005",2005,14520,987,15507,0,1999
622650,Bendy and the Ink Machine,"Apr 27, 2017",2017,26052,3238,29290,0,1999
429570,The Walking Dead: Michonne - A Telltale Miniseries,"Feb 23, 2016",2016,6038,1523,7561,0,1499
1367550,Kingdom Rush Vengeance - Tower Defense,"Oct 15, 2020",2020,9248,545,9793,0,1999
421050,Deponia Doomsday,"Mar 1, 2016",2016,3291,551,3842,0,1999
1182900,A Plague Tale: Requiem,"Oct 17, 2022",2022,18772,1838,20610,0,4999
2230410,Eaten by Darkness,"Apr 1, 2023",2023,3,7,10,0,99
1611600,WARNO,"May 23, 2024",2024,10303,2368,12671,0,3999
375510,New kind of adventure,"Jun 4, 2015",2015,632,881,1513,0,99
613830,CHRONO TRIGGER,"Feb 27, 2018",2018,9887,1313,11200,0,1499
712100,A Total War Saga: THRONES OF BRITANNIA,"May 2, 2018",2018,9929,4218,14147,0,3999
505230,Pathologic 2,"May 23, 2019",2019,10034,881,10915,0,3499
270570,Reversion - The Escape (1st Chapter),"Jun 10, 2014",2014,1196,346,1542,0,69
1012790,Into the Radius VR,"Jul 20, 2020",2020,10089,694,10783,0,2999
504130,Manual Samuel - Last Tuesday Edition,"Oct 14, 2016",2016,2796,575,3371,0,299
2129810,Reignbreaker,"Mar 18, 2025",2025,253,47,300,0,999
451880,Catch a Falling Star,"Mar 30, 2016",2016,463,177,640,0,99
1948980,Hero's Adventure: Road to Passion,"Nov 15, 2023",2023,18717,3489,22206,0,1799
253430,CastleMiner Z,"Feb 3, 2014",2014,8711,2068,10779,0,599
597220,West of Loathing,"Aug 10, 2017",2017,9536,222,9758,0,1099
536280,Disintegration,"Jun 15, 2020",2020,360,346,706,0,2999
647830,LEGO Marvel Super Heroes 2,"Nov 14, 2017",2017,7937,1221,9158,0,1999
621830,WRC 7 FIA World Rally Championship,"Sep 15, 2017",2017,9957,2327,12284,0,199
552620,ATOM RPG: Post-apocalyptic indie game,"Dec 19, 2018",2018,8888,1887,10775,0,1499
31290,Back to the Future: The Game,"Dec 23, 2010",2010,2052,271,2323,0,0
364050,Face It - A game to fight inner demons,"Jun 9, 2017",2017,940,304,1244,0,399
2060130,Return to Monkey Island,"Sep 19, 2022",2022,7805,713,8518,0,2499
15700,Oddworld: Abe's Oddysee,"Aug 28, 2008",2008,3716,639,4355,0,299
1794960,Sonic Origins,"Jun 22, 2022",2022,3563,1323,4886,0,2999
1414850,Nickelodeon All-Star Brawl,"Oct 4, 2021",2021,3942,1615,5557,0,249
265300,Lords Of The Fallen 2014,"Oct 28, 2014",2014,11754,8141,19895,0,299
1279610,PrprLive,"May 14, 2020",2020,978,439,1417,0,0
816090,Space Hulk: Deathwing Enhanced Edition,"May 22, 2018",2018,7233,2757,9990,0,2999
482920,Hero Zero,"Jul 5, 2016",2016,3034,666,3700,0,0
1180380,Stay Out,"Nov 27, 2019",2019,16994,8906,25900,0,0
1434950,HighFleet,"Jul 27, 2021",2021,5845,738,6583,0,1499
1182020,WGT Golf,"Apr 13, 2020",2020,1820,1091,2911,0,0
1676840,For The King II,"Nov 2, 2023",2023,8827,3999,12826,0,849
15120,Tom Clancy's Rainbow Six Vegas 2,"Apr 16, 2008",2008,4861,871,5732,0,249
533780,Zombie Defense,"Sep 30, 2016",2016,1811,346,2157,0,0
632350,Cyberdimension Neptunia: 4 Goddesses Online,"Feb 27, 2018",2018,4067,596,4663,0,2999
934700,Dead Island 2,"Apr 22, 2024",2024,10392,2983,13375,0,4999
253230,A Hat in Time,"Oct 5, 2017",2017,50577,1110,51687,0,2999
1408680,Nine to Five,"May 16, 2022",2022,1541,1759,3300,0,0
230190,War for the Overworld,"Apr 2, 2015",2015,6735,1102,7837,0,2999
2088570,Tiny Rogues,"Sep 23, 2022",2022,9445,310,9755,0,999
604240,Shotgun Farmers,"Mar 8, 2019",2019,9140,707,9847,0,999
2200,Quake III Arena,"Aug 3, 2007",2007,3600,153,3753,0,1499
224960,Tomb Raider I (1996),"Nov 28, 2012",2012,3877,664,4541,0,699
250600,The Plan,"Feb 14, 2014",2014,21304,1783,23087,0,0
1331550,Big Ambitions,"Mar 10, 2023",2023,9952,760,10712,0,2299
6840,Commandos 3: Destination Berlin,"Mar 15, 2007",2007,681,407,1088,0,249
601840,Griftlands,"Jun 1, 2021",2021,13088,862,13950,0,679
32510,LEGO Star Wars III - The Clone Wars,"Mar 22, 2011",2011,8031,450,8481,0,1999
298180,The Desolate Hope,"May 5, 2014",2014,1508,131,1639,0,0
2334730,Death Must Die,"Nov 14, 2023",2023,18498,1829,20327,0,699
268130,Heat Signature,"Sep 21, 2017",2017,6756,390,7146,0,1499
1097200,Twelve Minutes,"Aug 19, 2021",2021,5394,2011,7405,0,2499
692890,Roboquest,"Nov 7, 2023",2023,20701,988,21689,0,2499
396160,Secret Of Magia,"Aug 21, 2015",2015,463,445,908,0,199
790740,Tick Tock: A Tale for Two,"Mar 7, 2019",2019,9497,1559,11056,0,599
429470,Space Pilgrim Episode I: Alpha Centauri,"Dec 21, 2015",2015,1101,149,1250,0,0
449680,SAMOLIOTIK,"Mar 25, 2016",2016,2475,446,2921,0,2999
242680,Nuclear Throne,"Dec 5, 2015",2015,17279,700,17979,0,1199
213850,Magic 2014 — Duels of the Planeswalkers,"Jun 26, 2013",2013,3783,796,4579,0,0
334920,Zero-K,"Apr 27, 2018",2018,3678,244,3922,0,0
398850,Epistory - Typing Chronicles,"Mar 30, 2016",2016,6235,346,6581,0,1499
385080,Guardians of Victoria,"Apr 29, 2016",2016,248,193,441,0,99
8800,Civilization IV: Beyond the Sword,"Jul 24, 2007",2007,4423,169,4592,0,599
1056600,Home Sweet Home : Survive,"Mar 25, 2021",2021,4561,3669,8230,0,0
2828860,The Forever Winter,"Sep 24, 2024",2024,13766,5280,19046,0,2999
323060,Tharsis,"Jan 11, 2016",2016,1737,739,2476,0,1499
2273430,BlazBlue Entropy Effect,"Feb 14, 2024",2024,28794,1496,30290,0,1299
98200,Frozen Synapse,"May 26, 2011",2011,2152,447,2599,0,2499
233980,UnEpic,"Jul 25, 2014",2014,7297,687,7984,0,1299
667530,Drunken Wrestlers 2,"Apr 1, 2019",2019,15326,2256,17582,0,399
1895880,Ratchet & Clank: Rift Apart,"Jul 26, 2023",2023,12370,1307,13677,0,5999
353380,Steam Link,"Nov 10, 2015",2015,5693,1722,7415,0,0
384180,Prominence Poker,"Dec 12, 2016",2016,6733,1305,8038,0,0
47400,Stronghold 3 Gold,"May 25, 2012",2012,1514,3139,4653,0,2999
11610,Dragon Nest,"Dec 18, 2012",2012,1651,634,2285,0,0
769560,月圆之夜 (Night of Full Moon),"Jul 25, 2019",2019,8648,1784,10432,0,0
287920,Mortal Online,"Aug 31, 2015",2015,1545,1410,2955,0,0
453090,Parkitect,"Nov 29, 2018",2018,7142,418,7560,0,2999
438020,AI: Rampage,"Jan 27, 2016",2016,206,314,520,0,99
695630,Chinese Paladin：Sword and Fairy,"Oct 11, 2017",2017,1188,1220,2408,0,499
4770,Rome: Total War - Alexander,"Aug 28, 2007",2007,658,210,868,0,0
3020,Call of Juarez,"Nov 8, 2007",2007,3221,789,4010,0,999
933820,Endzone - A World Apart,"Mar 18, 2021",2021,7276,2180,9456,0,2499
12710,Overlord: Raising Hell,"Feb 28, 2008",2008,2175,166,2341,0,199
1170880,Grimm's Hollow,"Oct 30, 2019",2019,13689,194,13883,0,0
410340,Liftoff: FPV Drone Racing,"Sep 13, 2018",2018,10535,572,11107,0,1999
498240,Batman - The Telltale Series,"Aug 2, 2016",2016,13757,2131,15888,0,1499
341310,Greyfox RPG,"Feb 23, 2015",2015,1380,458,1838,0,199
214190,Minimum,"Sep 10, 2014",2014,2405,1590,3995,0,0
667720,Red Faction Guerrilla Re-Mars-tered,"Jul 3, 2018",2018,3257,817,4074,0,399
495910,Dungeon Fighter Online,"Aug 9, 2016",2016,3397,2141,5538,0,0
227180,Kingdom Wars,"Apr 1, 2013",2013,1871,908,2779,0,0
597760,Yuppie Psycho: Executive Edition,"Apr 25, 2019",2019,8015,429,8444,0,1699
1645820,SurrounDead,"Jun 24, 2022",2022,7347,853,8200,0,1199
486310,Meadow - A Shelter Game,"Oct 26, 2016",2016,5283,626,5909,0,699
1488200,Symphony of War: The Nephilim Saga,"Jun 10, 2022",2022,12253,699,12952,0,1999
108200,Ticket to Ride: Classic Edition,"May 24, 2012",2012,4628,755,5383,0,0
249590,Teslagrad,"Dec 13, 2013",2013,2050,380,2430,0,999
1649080,Two Point Campus,"Aug 9, 2022",2022,5711,823,6534,0,2999
1144400,Senren＊Banka,"Feb 14, 2020",2020,30868,358,31226,0,3499
2270,Wolfenstein 3D,"Aug 3, 2007",2007,3662,258,3920,0,499
572890,Pikuniku,"Jan 24, 2019",2019,9576,425,10001,0,1299
219780,Divinity II: Developer's Cut,"Oct 29, 2012",2012,4058,742,4800,0,1999
1608070,CRISIS CORE –FINAL FANTASY VII– REUNION,"Dec 13, 2022",2022,6667,751,7418,0,4999
444480,Broken Dreams,"Feb 19, 2016",2016,340,143,483,0,99
1766740,Choo-Choo Charles,"Dec 9, 2022",2022,14293,1372,15665,0,1999
874240,MU Legend,"Aug 6, 2018",2018,1827,1876,3703,0,0
1071870,Biped,"Mar 26, 2020",2020,7597,1225,8822,0,1499
1330470,F.I.S.T.: Forged In Shadow Torch,"Oct 2, 2021",2021,5700,803,6503,0,1599
1448530,Soccer Manager 2021,"Dec 16, 2020",2020,1546,528,2074,0,0
1106850,Totally Reliable Delivery Service Beta,"Jun 24, 2019",2019,3081,476,3557,0,0
1372810,Teamfight Manager,"Mar 1, 2021",2021,4843,728,5571,0,999
1273400,Construction Simulator,"Sep 20, 2022",2022,9193,1967,11160,0,2499
1437880,Heroes of the Three Kingdoms 7,"Nov 12, 2020",2020,2289,552,2841,0,699
438640,LEGO STAR WARS: The Force Awakens,"Jun 27, 2016",2016,5606,1074,6680,0,1999
950100,PRO EVOLUTION SOCCER 2019 LITE,"Dec 13, 2018",2018,1562,989,2551,0,0
588030,Derail Valley,"Jan 25, 2019",2019,7100,275,7375,0,3999
458710,Kingdom Rush Frontiers - Tower Defense,"Jul 25, 2016",2016,9103,305,9408,0,999
611670,The Elder Scrolls V: Skyrim VR,"Apr 2, 2018",2018,8615,2843,11458,0,5999
356570,Party Hard,"Aug 25, 2015",2015,10405,1137,11542,0,999
291410,Duelyst,"Aug 23, 2016",2016,3899,834,4733,0,0
274290,Gods Will Be Watching,"Jul 24, 2014",2014,2030,851,2881,0,999
7600,Sid Meier's Railroads!,"May 4, 2007",2007,2301,950,3251,0,249
290300,Rebel Galaxy,"Oct 20, 2015",2015,6869,1191,8060,0,1999
1421250,Tiny Bunny,"Dec 5, 2025",2025,18916,692,19608,0,769
513590,So Many Cubes,"Oct 6, 2016",2016,53,119,172,0,199
882790,Fate Seeker,"Aug 7, 2018",2018,12053,1215,13268,0,2109
897330,Coloring Pixels,"Aug 17, 2018",2018,7622,297,7919,0,0
2187290,Wall World,"Apr 5, 2023",2023,9127,874,10001,0,699
229480,Dungeons & Dragons: Chronicles of Mystara,"Jun 18, 2013",2013,1488,339,1827,0,1499
239120,Final Fantasy III (3D Remake),"May 27, 2014",2014,2731,583,3314,0,1599
480430,Hide and Shriek,"Oct 19, 2017",2017,4324,914,5238,0,0
619150,while True: learn(),"Jan 17, 2019",2019,6967,651,7618,0,1299
814370,Monster Sanctuary,"Dec 8, 2020",2020,10468,971,11439,0,1999
363490,Escape Machines,"Apr 14, 2015",2015,280,402,682,0,99
222940,THE KING OF FIGHTERS XIII STEAM EDITION,"Sep 13, 2013",2013,9351,1127,10478,0,0
13560,Tom Clancy's Splinter Cell,"Apr 1, 2008",2008,2951,413,3364,0,999
315210,Suicide Squad: Kill the Justice League,"Feb 2, 2024",2024,9370,5371,14741,0,6999
454200,Neon Hardcorps,"May 30, 2016",2016,145,159,304,0,99
307290,Velvet Sundown,"Jul 22, 2014",2014,1064,704,1768,0,0
1458140,Pacific Drive,"Feb 21, 2024",2024,17126,3370,20496,0,2999
2515020,FINAL FANTASY XVI,"Sep 17, 2024",2024,18243,4800,23043,0,4999
1374490,RuneScape: Dragonwilds,"Apr 15, 2025",2025,15430,2970,18400,0,2999
303210,The Beginner's Guide,"Oct 1, 2015",2015,19369,2633,22002,0,999
3480,Peggle Deluxe,"Mar 6, 2007",2007,10634,278,10912,0,499
734750,PickCrafter,"Dec 14, 2017",2017,5965,933,6898,0,0
314650,SpaceEngine,"Jun 11, 2019",2019,12102,515,12617,0,2099
1787090,MyDockFinder,"Nov 25, 2021",2021,3981,1561,5542,0,499
6370,Bloodline Champions,"Oct 28, 2011",2011,1455,247,1702,0,0
289690,LARA CROFT AND THE TEMPLE OF OSIRIS,"Dec 8, 2014",2014,2859,1353,4212,0,1999
277590,Assassin's Creed Freedom Cry,"Feb 25, 2014",2014,2024,612,2636,0,1499
1281630,Anno 1404 - History Edition,"Jun 25, 2020",2020,2484,564,3048,0,1499
1403370,Zenith: Nexus,"Jan 27, 2022",2022,3031,1459,4490,0,0
2457220,Avowed,"Feb 18, 2025",2025,7522,2135,9657,0,4999
8140,Tomb Raider: Underworld,"Nov 21, 2008",2008,4748,1438,6186,0,899
469820,Genital Jousting,"Jan 18, 2018",2018,10124,880,11004,0,699
1577120,The Quarry,"Jun 9, 2022",2022,15732,3533,19265,0,5999
33100,Alien Shooter,"May 27, 2009",2009,4079,206,4285,0,499
70300,VVVVVV,"Sep 7, 2010",2010,9720,377,10097,0,499
637100,Sonic Forces,"Nov 7, 2017",2017,4733,3217,7950,0,3999
266210,One Way Heroics,"Feb 28, 2014",2014,3816,239,4055,0,349
70600,Worms Ultimate Mayhem,"Sep 28, 2011",2011,5169,669,5838,0,299
2108180,Swordhaven: Iron Conspiracy,"Dec 16, 2025",2025,190,32,222,0,2499
322190,SteamWorld Heist,"Jun 7, 2016",2016,5622,390,6012,0,1499
1282590,Train Sim World 2,"Aug 20, 2020",2020,6650,1512,8162,0,1999
1216710,Cyber Manhunt,"Feb 2, 2021",2021,13720,1000,14720,0,999
1401590,Disney Dreamlight Valley,"Dec 5, 2023",2023,19111,1682,20793,0,3999
422250,ShipLord,"Dec 2, 2015",2015,519,312,831,0,499
1115690,"Yes, Your Grace","Mar 6, 2020",2020,10269,1493,11762,0,1999
1111460,小白兔电商~Bunny e-Shop,"Nov 11, 2021",2021,9575,614,10189,0,725
3330,Zuma Deluxe,"Aug 30, 2006",2006,5144,253,5397,0,499
1164940,Trepang2,"Jun 21, 2023",2023,13059,917,13976,0,1019
1364100,Lacuna – A Sci-Fi Noir Adventure,"May 20, 2021",2021,2273,198,2471,0,1599
300040,Divine Souls F2P MMO,"Nov 20, 2014",2014,439,442,881,0,0
6870,Battlestations: Midway,"Mar 15, 2007",2007,712,202,914,0,699
1294660,Divine Knockout (DKO),"Dec 6, 2022",2022,4433,2198,6631,0,0
1373500,Mist of the Undead,"Sep 29, 2020",2020,17,17,34,0,0
674140,Bugsnax,"Apr 28, 2022",2022,7185,195,7380,0,999
394690,Tower Unite,"Apr 19, 2025",2025,18520,2114,20634,0,1999
1227530,Partisans 1941,"Oct 14, 2020",2020,6728,1458,8186,0,2999
303610,Suicide Guy,"Jul 14, 2017",2017,2391,322,2713,0,599
1240210,There Is No Game: Wrong Dimension,"Aug 6, 2020",2020,22907,523,23430,0,1299
474750,Reigns,"Aug 11, 2016",2016,6917,1002,7919,0,299
1939970,Nobody Wants to Die,"Jul 17, 2024",2024,3236,516,3752,0,2499
298050,Master of Orion,"Aug 25, 2016",2016,6076,1842,7918,0,2499
999730,Secret Neighbor Beta,"Aug 2, 2019",2019,2263,450,2713,0,0
553790,Once in Yaissor,"Nov 9, 2016",2016,1042,183,1225,0,199
1329500,SpiderHeck,"Sep 22, 2022",2022,5171,416,5587,0,1499
1122750,异化之恶〇Abnormal Treatment,"Aug 2, 2019",2019,3414,88,3502,0,0
1150440,Aliens: Dark Descent,"Jun 19, 2023",2023,13803,1847,15650,0,3999
408900,Unfortunate Spacemen,"Jun 12, 2020",2020,6463,1031,7494,0,0
241560,The Crew,"Dec 2, 2014",2014,10721,6318,17039,0,0
513510,Intralism,"Nov 4, 2016",2016,4245,659,4904,0,299
1049890,Little Witch Nobeta,"Sep 28, 2022",2022,9374,1997,11371,0,2499
665360,Comedy Night,"Aug 24, 2017",2017,6822,2329,9151,0,499
71250,Sonic Adventure DX,"Mar 4, 2011",2011,15415,1432,16847,0,399
707030,POSTAL 4: No Regerts,"Apr 20, 2022",2022,8276,3543,11819,0,1999
410210,Ampersand,"Oct 19, 2015",2015,378,689,1067,0,99
91700,E.Y.E: Divine Cybermancy,"Jul 29, 2011",2011,6505,1194,7699,0,999
1465460,Infection Free Zone,"Apr 11, 2024",2024,11530,3058,14588,0,2499
98400,Hard Reset Extended Edition,"Jul 12, 2012",2012,3939,869,4808,0,1499
1874490,Potionomics,"Oct 17, 2022",2022,6067,636,6703,0,1499
324310,Bus Simulator 16,"Mar 2, 2016",2016,2624,1084,3708,0,999
221260,Little Inferno,"Nov 19, 2012",2012,12216,668,12884,0,1499
438180,Super Mustache,"Jan 27, 2016",2016,470,173,643,0,99
39690,ArcaniA,"Oct 15, 2010",2010,1688,1338,3026,0,1999
586380,VITATIO 2,"Apr 11, 2017",2017,368,151,519,0,99
327640,CaesarIA,"Jan 20, 2015",2015,840,599,1439,0,0
1578650,Citizen Sleeper,"May 5, 2022",2022,7522,583,8105,0,1999
378760,Pixel Starships,"May 23, 2023",2023,2008,724,2732,0,0
321400,Supraball,"Feb 8, 2019",2019,2504,742,3246,0,0
927380,Yakuza Kiwami 2,"May 9, 2019",2019,15870,791,16661,0,1099
258520,The Vanishing of Ethan Carter,"Sep 25, 2014",2014,7805,1026,8831,0,1999
313690,LEGO Batman 3: Beyond Gotham,"Nov 11, 2014",2014,7792,949,8741,0,1999
1903620,Killer Frequency,"Jun 1, 2023",2023,4185,273,4458,0,749
1110910,Mortal Shell,"Aug 18, 2021",2021,5956,2640,8596,0,2999
420110,NEKOPARA Vol. 2,"Feb 19, 2016",2016,12222,376,12598,0,999
1876890,Wandering Sword,"Sep 14, 2023",2023,29332,1588,30920,0,2499
362930,Garfield Kart,"Oct 16, 2015",2015,12325,1734,14059,0,499
293760,Automation - The Car Company Tycoon Game,"Mar 12, 2015",2015,13506,951,14457,0,2999
1281590,The Dark Pictures Anthology: House of Ashes,"Oct 21, 2021",2021,7794,1010,8804,0,2999
990630,The Last Campfire,"Oct 7, 2021",2021,14350,348,14698,0,1499
636150,Cyberhunt,"May 19, 2017",2017,1621,325,1946,0,499
964440,Hell is Others,"Oct 20, 2022",2022,858,290,1148,0,1499
496240,Onward,"Mar 25, 2025",2025,6329,2886,9215,0,2499
1241110,ANARCHY,"May 7, 2020",2020,26,20,46,0,0
1840080,Homeworld 3,"May 13, 2024",2024,3238,4791,8029,0,5999
790820,Valkyria Chronicles 4 Complete Edition,"Sep 25, 2018",2018,5759,854,6613,0,999
2072450,Like a Dragon: Infinite Wealth,"Jan 25, 2024",2024,18253,1666,19919,0,6999
535760,Unforgiving Trials: The Space Crusade,"Oct 7, 2016",2016,201,124,325,0,99
1436990,Feign,"Nov 22, 2025",2025,4368,442,4810,0,499
1466640,Road 96 ,"Aug 16, 2021",2021,19660,1758,21418,0,499
233840,Worms Clan Wars,"Aug 15, 2013",2013,2469,670,3139,0,2499
2620,Call of Duty (2003),"Oct 13, 2006",2006,6524,371,6895,0,999
15170,Heroes of Might & Magic V,"May 13, 2008",2008,3354,461,3815,0,999
311260,The Guild 3,"Jun 14, 2022",2022,4587,2899,7486,0,2999
1000360,Hellish Quart,"Feb 16, 2021",2021,6524,720,7244,0,1799
809140,Cliff Empire,"Aug 6, 2019",2019,3723,541,4264,0,1799
822240,Animal Jam,"Jan 8, 2025",2025,2657,1397,4054,0,0
12130,Manhunt,"Jan 4, 2008",2008,4984,2104,7088,0,999
1009560,The Tenants,"Oct 20, 2022",2022,5644,1398,7042,0,1999
415200,Motorsport Manager,"Nov 9, 2016",2016,12504,1132,13636,0,1999
1634680,Ficket: 追剧引擎,"Jun 18, 2021",2021,1495,612,2107,0,399
21970,R.U.S.E.,"Sep 9, 2010",2010,2630,184,2814,0,2999
777130,Blush Blush,"Apr 22, 2020",2020,6314,932,7246,0,0
313340,Mountain,"Aug 18, 2014",2014,14320,1923,16243,0,79
356880,Eron,"Mar 17, 2015",2015,211,136,347,0,499
599390,Battle for Wesnoth,"May 1, 2018",2018,5041,315,5356,0,0
463530,Empires of the Undergrowth,"Jun 7, 2024",2024,14446,838,15284,0,2999
2415010,A Date with Death,"Dec 7, 2023",2023,10302,181,10483,0,0
400910,Rabi-Ribi,"Jan 28, 2016",2016,11354,504,11858,0,1799
270850,Car Mechanic Simulator 2014,"Jan 24, 2014",2014,4227,864,5091,0,699
25890,Hearts of Iron III,"Aug 7, 2009",2009,4539,1422,5961,0,999
773951,Freeman: Guerrilla Warfare,"Oct 4, 2019",2019,8156,4060,12216,0,2499
258180,Deus Ex: The Fall,"Mar 17, 2014",2014,1639,2849,4488,0,999
232430,Gone Home,"Aug 15, 2013",2013,13786,4103,17889,0,1499
2063400,Descension,"Jul 21, 2022",2022,1,2,3,0,1200
494840,UBOAT,"Aug 2, 2024",2024,19746,3742,23488,0,2999
732430,Superflight,"Nov 8, 2017",2017,10857,410,11267,0,299
236430,DARK SOULS II,"Apr 25, 2014",2014,39201,5123,44324,0,3999
799600,Cosmoteer: Starship Architect & Commander,"Oct 24, 2022",2022,10618,553,11171,0,1999
981890,Olympic Games Tokyo 2020 – The Official Video Game,"Jun 21, 2021",2021,1299,1395,2694,0,599
285310,RollerCoaster Tycoon: Deluxe,"May 21, 2014",2014,7282,427,7709,0,599
898750,Super Robot Wars 30,"Oct 27, 2021",2021,5285,817,6102,0,5999
546980,Midnight Carnival,"Nov 22, 2016",2016,149,235,384,0,99
263760,Turbo Dismount,"May 21, 2014",2014,5335,371,5706,0,999
874260,The Forgotten City,"Jul 28, 2021",2021,11008,451,11459,0,2499
349720,Audition Online,"Jun 3, 2015",2015,959,620,1579,0,0
637310,Stream Service,"Aug 22, 2019",2019,36,34,70,0,99
756800,Contraband Police,"Mar 8, 2023",2023,19433,1046,20479,0,2999
245280,ENSLAVED: Odyssey to the West Premium Edition,"Oct 24, 2013",2013,6548,1080,7628,0,1999
1222370,Necromunda: Hired Gun,"May 31, 2021",2021,4864,2558,7422,0,3999
967250,DOKA 2 KISHKI EDITION,"Nov 5, 2018",2018,3003,572,3575,0,299
3340270,Revelations,"Nov 28, 2024",2024,1,1,2,0,799
1486350,VRoid Studio v0.13.1,"Dec 23, 2020",2020,4005,227,4232,0,0
2651280,Marvel's Spider-Man 2,"Jan 30, 2025",2025,14423,4589,19012,0,5999
247950,Sacred 3,"Aug 5, 2014",2014,1182,3226,4408,0,1499
253250,Stonehearth,"Jul 25, 2018",2018,9621,3108,12729,0,1999
1186640,Pumpkin Jack,"Oct 23, 2020",2020,7138,690,7828,0,2999
776960,Mouse (Sneaking),"Jan 16, 2018",2018,932,213,1145,0,99
382110,Virtual Desktop Classic,"Mar 31, 2016",2016,1426,635,2061,0,1499
13600,Prince of Persia: The Sands of Time,"Nov 21, 2008",2008,3844,637,4481,0,999
1140620,CosmicBreak Universal,"Apr 6, 2021",2021,758,580,1338,0,0
314970,Age of Conquest IV,"Apr 5, 2016",2016,2242,506,2748,0,0
372360,Tales of Symphonia,"Feb 1, 2016",2016,4203,715,4918,0,499
1140440,OMON Simulator,"Oct 18, 2019",2019,2226,820,3046,0,99
914620,Mist Survival,"Aug 14, 2018",2018,10341,3115,13456,0,1099
1486920,Tempest Rising,"Apr 24, 2025",2025,6276,767,7043,0,2999
427100,Fernbus Simulator,"Aug 25, 2016",2016,8322,2863,11185,0,1799
205910,Tiny and Big: Grandpa's Leftovers,"Jun 19, 2012",2012,3766,345,4111,0,599
2109460,VillageRhapsody,"Apr 26, 2023",2023,11177,392,11569,0,299
2796010,Party Club,"Mar 17, 2025",2025,1584,776,2360,0,499
491530,Notruf 112 | Emergency Call 112,"Nov 9, 2016",2016,3315,1019,4334,0,749
1070330,Russian Life Simulator,"May 17, 2019",2019,7009,884,7893,0,99
2080690,Sunkenland,"Aug 25, 2023",2023,17523,3896,21419,0,1999
388880,Oxenfree,"Jan 14, 2016",2016,10861,979,11840,0,999
2446550,STAR WARS: Battlefront Classic Collection,"Mar 13, 2024",2024,1748,5881,7629,0,2625
8080,Kane and Lynch: Dead Men,"Dec 13, 2007",2007,2135,1199,3334,0,0
555220,Detention,"Jan 12, 2017",2017,11782,2596,14378,0,1199
213650,Dwarfs - F2P,"Oct 18, 2012",2012,1446,248,1694,0,0
1921980,Between Horizons – A Sci-Fi Detective Adventure,"Mar 25, 2024",2024,293,30,323,0,1599
218410,Defender's Quest: Valley of the Forgotten (DX edition),"Oct 30, 2012",2012,3297,163,3460,0,1499
482400,System Shock,"May 30, 2023",2023,9788,941,10729,0,3999
523660,HYPERCHARGE: Unboxed,"Apr 27, 2020",2020,3873,411,4284,0,2499
2810,X3: Reunion,"Jul 21, 2006",2006,494,191,685,0,199
1218740,Rakion Chaos Force,"Mar 24, 2020",2020,2163,1323,3486,0,0
1157390,King Arthur: Knight's Tale,"Apr 26, 2022",2022,5721,1112,6833,0,4499
49540,Aliens: Colonial Marines Collection,"May 1, 2012",2012,7064,4498,11562,0,2999
353130,Time of Dragons,"Feb 1, 2016",2016,1044,629,1673,0,0
1493640,Banishers: Ghosts of New Eden,"Feb 12, 2024",2024,5288,840,6128,0,4999
235210,STRIDER / ストライダー飛竜,"Feb 19, 2014",2014,3239,789,4028,0,1499
107200,Space Pirates and Zombies,"Aug 15, 2011",2011,2819,283,3102,0,999
1332720,Thief Simulator 2,"Oct 4, 2023",2023,4633,519,5152,0,1999
737800,F1 2018,"Aug 23, 2018",2018,11911,1435,13346,0,0
378370,Nomad,"Jun 26, 2015",2015,2804,1833,4637,0,0
420290,Blackwake,"Feb 19, 2020",2020,20925,4981,25906,0,0
592600,PRO EVOLUTION SOCCER 2018 LITE,"Nov 15, 2017",2017,767,750,1517,0,0
1486630,Intravenous,"Jul 26, 2021",2021,4337,476,4813,0,1999
375820,Human Resource Machine,"Oct 15, 2015",2015,4137,271,4408,0,1499
1031140,The Horus Heresy: Legions,"Mar 28, 2019",2019,1815,1102,2917,0,0
1191840,Legend Creatures(传奇生物),"Jun 18, 2020",2020,3536,386,3922,0,499
1562420,FOREWARNED,"Apr 25, 2024",2024,5811,590,6401,0,1299
209540,Strike Suit Zero,"Jan 23, 2013",2013,1276,380,1656,0,1999
1307890,Kingdoms Reborn,"Nov 2, 2020",2020,8280,833,9113,0,1999
272470,The Incredible Adventures of Van Helsing II,"Jun 13, 2014",2014,1767,796,2563,0,1499
1574580,Strange Horticulture,"Jan 21, 2022",2022,12466,686,13152,0,1599
3320,Insaniquarium Deluxe,"Aug 30, 2006",2006,5732,191,5923,0,499
287370,COH 2 - The Western Front Armies: US Forces,"Jun 23, 2014",2014,303,98,401,0,1299
314000,Pool Nation FX Lite,"Dec 7, 2015",2015,1760,666,2426,0,0
9050,DOOM 3,"Aug 3, 2007",2007,6980,847,7827,0,0
1594940,Little Witch in the Woods,"Sep 14, 2025",2025,7251,891,8142,0,1999
290730,My Lands: Black Gem Hunting,"Sep 16, 2014",2014,2766,540,3306,0,0
35130,Lara Croft and the Guardian of Light,"Sep 28, 2010",2010,4155,388,4543,0,999
1532690,BLACKTAIL,"Dec 15, 2022",2022,1854,422,2276,0,2999
338540,Navy Field 2 : Conqueror of the Ocean,"Mar 5, 2015",2015,619,771,1390,0,0
104200,BEEP,"May 6, 2011",2011,3919,699,4618,0,0
438680,One Troll Army,"May 19, 2016",2016,1254,207,1461,0,0
2870,X Rebirth,"Nov 15, 2013",2013,3166,4102,7268,0,2999
423710,Invasion: Brain Craving,"Jun 22, 2016",2016,149,186,335,0,99
342980,Destination Sol,"Feb 5, 2015",2015,1071,285,1356,0,0
260430,The Four Kings Casino and Slots,"Jun 1, 2015",2015,2698,1256,3954,0,0
705220,Tactical Monsters Rumble Arena,"Jan 31, 2018",2018,3996,497,4493,0,0
244090,Sid Meier’s Ace Patrol: Pacific Skies,"Nov 5, 2013",2013,276,162,438,0,124
211400,Deadlight,"Oct 25, 2012",2012,9944,2685,12629,0,1499
435120,Rusty Lake Hotel,"Jan 29, 2016",2016,8845,374,9219,0,199
1811990,Wildfrost,"Apr 12, 2023",2023,6737,1439,8176,0,1199
2732820,The Great Rebellion,"Feb 1, 2024",2024,515,13,528,0,1599
517710,Redout: Enhanced Edition,"Sep 2, 2016",2016,3902,665,4567,0,1999
70400,Recettear: An Item Shop's Tale,"Sep 10, 2010",2010,6953,285,7238,0,1999
1283220,Devolverland Expo,"Jul 11, 2020",2020,5110,616,5726,0,0
641080,Trials Rising,"Feb 26, 2019",2019,1836,1047,2883,0,1999
39680,The Guild II Renaissance,"Jul 28, 2010",2010,3230,674,3904,0,999
1286350,BPM: BULLETS PER MINUTE,"Sep 15, 2020",2020,10091,1023,11114,0,1999
402560,Tabletopia,"Nov 30, 2016",2016,998,592,1590,0,0
7000,Tomb Raider: Legend,"Mar 29, 2007",2007,4690,664,5354,0,699
433950,Bit Blaster XL,"Jan 22, 2016",2016,5929,219,6148,0,99
338180,Batla,"May 14, 2015",2015,1950,1130,3080,0,0
224920,Legacy of Kain: Soul Reaver,"Sep 8, 1999",1999,1400,505,1905,0,0
1094710,Royal Crown,"Feb 23, 2021",2021,2208,990,3198,0,0
244050,Rise of Flight United,"Sep 5, 2013",2013,1454,1127,2581,0,0
403900,Clergy Splode,"Sep 17, 2015",2015,227,298,525,0,99
570780,古剑奇谭(GuJian),"Sep 7, 2017",2017,4316,1059,5375,0,1199
1238080,Burnout Paradise Remastered,"Jun 4, 2020",2020,4592,2795,7387,0,1999
1392820,Milk inside a bag of milk inside a bag of milk,"Aug 26, 2020",2020,28937,998,29935,0,149
45740,Dead Rising 2,"Sep 27, 2010",2010,6325,1775,8100,0,1999
420560,Firefighting Simulator - The Squad,"Nov 17, 2020",2020,4085,954,5039,0,2499
341000,Mad Games Tycoon,"Sep 13, 2016",2016,3991,406,4397,0,1499
603360,CryptoMoneya,"Sep 3, 2017",2017,149,70,219,0,199
205650,The Testament of Sherlock Holmes,"Sep 25, 2012",2012,2852,718,3570,0,1999
665180,Dark Elf,"Aug 3, 2017",2017,4391,513,4904,0,0
261180,Lethal League,"Aug 27, 2014",2014,5716,351,6067,0,1399
1928980,Nightingale,"Feb 20, 2024",2024,10981,5225,16206,0,1499
234390,Teleglitch: Die More Edition,"Jul 24, 2013",2013,2434,435,2869,0,1299
1112400,Project Torque - Free 2 Play MMO Racing Game,"Dec 20, 2019",2019,1388,503,1891,0,0
2909400,FINAL FANTASY VII REBIRTH,"Jan 23, 2025",2025,15548,4627,20175,0,4999
22650,Alien Breed 2: Assault,"Sep 22, 2010",2010,701,305,1006,0,459
1948800,Yi Xian: The Cultivation Card Game,"Jan 21, 2024",2024,4531,1601,6132,0,0
846470,Moss,"Jun 7, 2018",2018,3072,157,3229,0,1999
7650,X-COM: Terror From the Deep,"May 4, 2007",2007,788,79,867,0,499
805850,Wrecked,"May 21, 2018",2018,1768,513,2281,0,0
1048540,Kao the Kangaroo: Round 2 (2003 re-release),"May 31, 2019",2019,7345,514,7859,0,199
743890,Mega Man X Legacy Collection,"Jul 24, 2018",2018,3273,945,4218,0,1999
1364390,Animaze by FaceRig,"Nov 17, 2021",2021,2283,1019,3302,0,0
1363430,Propagation VR,"Sep 25, 2020",2020,5298,324,5622,0,0
385070,Atonement: Scourge of Time,"Jul 16, 2015",2015,275,120,395,0,599
460810,Vanquish,"May 25, 2017",2017,6426,765,7191,0,599
407130,Tank Mechanic Simulator,"Feb 20, 2020",2020,7346,960,8306,0,1999
740250,Neos VR,"May 4, 2018",2018,1204,1070,2274,0,0
1801110,BOKURA,"Aug 9, 2023",2023,9216,837,10053,0,549
293540,Guns and Robots,"Aug 4, 2014",2014,1113,578,1691,0,0
282900,Hyperdimension Neptunia Re;Birth1,"Jan 29, 2015",2015,11414,692,12106,0,1499
1085510,Garfield Kart - Furious Racing,"Nov 6, 2019",2019,12719,1770,14489,0,1499
1069160,SKALD: Against the Black Priory,"May 30, 2024",2024,2785,173,2958,0,1499
284950,Pixel Puzzles: Japan,"Apr 17, 2014",2014,2135,499,2634,0,0
356500,STAR WARS Galactic Battlegrounds Saga,"Mar 1, 2016",2016,3972,370,4342,0,599
447850,The Next Door,"Mar 22, 2016",2016,483,422,905,0,499
1123770,Curse of the Dead Gods,"Feb 23, 2021",2021,7207,1357,8564,0,1999
304530,Agents of Mayhem,"Aug 15, 2017",2017,2781,1970,4751,0,149
1275670,Outcore: Desktop Adventure,"Sep 26, 2022",2022,14753,404,15157,0,0
691260,POPULATION: ONE,"Oct 22, 2020",2020,2070,431,2501,0,1999
690530,灵魂筹码 Soul at Stake,"Jun 25, 2018",2018,6347,2089,8436,0,1799
2365810,Pseudoregalia,"Jul 28, 2023",2023,14588,439,15027,0,599
986130,Shadows of Doubt,"Sep 26, 2024",2024,12941,2487,15428,0,2499
530330,Blameless,"Oct 13, 2016",2016,4195,790,4985,0,0
239430,Q.U.B.E: Director's Cut,"May 21, 2014",2014,1545,324,1869,0,999
393530,Insanity Clicker,"Jun 7, 2016",2016,1996,966,2962,0,0
368990,Despair,"May 12, 2015",2015,632,1205,1837,0,99
512790,Quern - Undying Thoughts,"Nov 28, 2016",2016,3248,296,3544,0,2499
94200,Jamestown,"Jun 8, 2011",2011,2203,138,2341,0,999
94590,Puzzle Agent 2,"Jun 30, 2011",2011,937,146,1083,0,499
234510,Rising Storm Game of the Year Edition,"May 30, 2013",2013,106,1,107,0,1999
340840,The Corridor: On Behalf Of The Dead,"Aug 30, 2018",2018,24,9,33,0,89
351920,Crazy Machines 3,"Oct 18, 2016",2016,9350,554,9904,0,999
1340530,Mr. Prepper: Prologue,"Aug 27, 2020",2020,2114,429,2543,0,0
1293160,The Medium,"Jan 28, 2021",2021,7765,974,8739,0,4999
547960,Space Beret,"Oct 25, 2016",2016,354,331,685,0,99
671510,DESOLATE,"Jan 17, 2019",2019,5258,2623,7881,0,1499
586980,MadOut2 BigCityOnline [CLOSED],"Feb 21, 2017",2017,3348,1157,4505,0,0
1660080,Aloft,"Jan 15, 2025",2025,2013,383,2396,0,2499
38420,Fallout Tactics: Brotherhood of Steel,"Aug 19, 2009",2009,2063,548,2611,0,999
607080,Psychonauts 2,"Aug 24, 2021",2021,12433,510,12943,0,5999
22610,Alien Breed: Impact,"Jun 3, 2010",2010,1334,455,1789,0,459
357190,ULTIMATE MARVEL VS. CAPCOM 3,"Mar 6, 2017",2017,6299,583,6882,0,2499
1296610,Peglin,"Aug 27, 2024",2024,13369,2624,15993,0,1199
977880,Eastward,"Sep 16, 2021",2021,13339,2501,15840,0,2499
1792250,Serious Sam: Siberian Mayhem,"Jan 25, 2022",2022,4121,331,4452,0,1999
298160,Eldevin,"Nov 5, 2014",2014,1385,351,1736,0,0
385730,WWE 2K16,"Mar 10, 2016",2016,1808,989,2797,0,0
1096710,Hello Neighbor Alpha 4,"Oct 19, 2019",2019,4237,768,5005,0,0
1179680,Wurm Online,"Jul 24, 2020",2020,1444,884,2328,0,0
8600,RACE 07,"Oct 15, 2007",2007,2277,389,2666,0,799
824270,KovaaK's,"Apr 3, 2018",2018,32776,2529,35305,0,999
1364020,Boundary,"Apr 13, 2023",2023,8915,6936,15851,0,0
442070,Drawful 2,"Jun 20, 2016",2016,2983,1036,4019,0,999
318600,The Flame in the Flood,"Feb 24, 2016",2016,5443,1723,7166,0,1499
226580,F1 2014,"Oct 16, 2014",2014,2475,458,2933,0,0
883860,Cadria Item Shop,"Aug 23, 2018",2018,1129,425,1554,0,0
1079260,Fireworks Mania - An Explosive Simulator,"Dec 17, 2020",2020,6454,209,6663,0,1499
2015270,Rotwood,"Mar 3, 2026",2026,5690,1840,7530,0,2999
2294450,CaseCracker2,"May 16, 2024",2024,559,55,614,0,1199
418030,Subsistence,"Oct 25, 2016",2016,9481,3632,13113,0,1399
214770,Guacamelee! Gold Edition,"Aug 8, 2013",2013,5539,411,5950,0,1499
402710,Osiris: New Dawn,"Jan 18, 2023",2023,8064,6961,15025,0,0
449200,Calcu-Late,"Mar 18, 2016",2016,215,152,367,0,99
673750,Super Bunny Man,"May 16, 2023",2023,8567,1316,9883,0,1499
2194780,BeachHead Rogue,"Nov 22, 2024",2024,12,1,13,0,499
562860,Ion Fury,"Aug 15, 2019",2019,7029,695,7724,0,2499
1353300,Idle Slayer,"Dec 21, 2020",2020,7488,1279,8767,0,0
1281800,Samsara Room,"Apr 29, 2020",2020,8956,246,9202,0,0
1504570,Cultivation Tales,"Apr 17, 2024",2024,5126,8513,13639,0,1999
34010,Alpha Protocol,"Jun 1, 2010",2010,3988,923,4911,0,1999
421120,Samorost 3,"Mar 24, 2016",2016,4707,337,5044,0,1999
2172180,Howl,"Nov 14, 2023",2023,55,2,57,0,999
353640,Train Valley,"Sep 16, 2015",2015,2964,339,3303,0,999
1129310,Receiver 2,"Apr 14, 2020",2020,2483,243,2726,0,1999
1218210,Coromon,"Mar 31, 2022",2022,5703,979,6682,0,1999
436180,Spacelords,"Sep 22, 2017",2017,1727,1511,3238,0,0
872670,SCP: 5K,"Feb 22, 2022",2022,10178,2500,12678,0,1999
333600,NEKOPARA Vol. 1,"Dec 29, 2014",2014,25629,1295,26924,0,999
266410,iRacing,"Jan 12, 2015",2015,4323,700,5023,0,999
723780,Modern Combat Versus,"Dec 19, 2017",2017,4412,2377,6789,0,0
1571440,Lunch Lady,"Apr 15, 2021",2021,10868,1826,12694,0,499
2967460,RED TREES RAIL. CO.,"Jun 14, 2024",2024,3,1,4,0,499
929010,Swag and Sorcery,"May 9, 2019",2019,1728,1460,3188,0,1299
785740,This Is the Police 2,"Jul 31, 2018",2018,4650,1507,6157,0,1499
248550,Megabyte Punch,"Oct 15, 2013",2013,999,114,1113,0,1499
1275890,Baldi's Basics Plus,"Jun 11, 2020",2020,7265,172,7437,0,999
313730,Sunrider: Mask of Arcadius,"Jul 9, 2014",2014,2571,211,2782,0,0
344760,Reign Of Kings,"Dec 15, 2015",2015,8530,6393,14923,0,999
1963040,The Lost Village,"Apr 7, 2024",2024,5638,1534,7172,0,1199
675260,Batman: The Enemy Within - The Telltale Series,"Aug 8, 2017",2017,8401,738,9139,0,1499
893180,Catherine Classic,"Jan 10, 2019",2019,8694,1269,9963,0,1999
1135230,Ember Knights,"Jul 18, 2023",2023,5814,375,6189,0,1999
919640,Steel Division 2,"Jun 20, 2019",2019,7215,1850,9065,0,3999
1276790,Ruined King: A League of Legends Story,"Nov 16, 2021",2021,9677,1186,10863,0,2999
12360,FlatOut: Ultimate Carnage Collector's Edition,"Aug 26, 2008",2008,5978,685,6663,0,999
1583230,High On Life,"Dec 13, 2022",2022,17202,2146,19348,0,3999
1506630,Minicraft Shooter,"Feb 26, 2021",2021,2,10,12,0,99
316790,Grim Fandango Remastered,"Jan 26, 2015",2015,7433,769,8202,0,1499
1098292,DOOM Eternal: The Ancient Gods - Part One,"Oct 20, 2020",2020,4140,1989,6129,0,1999
587790,Deadly Animal Duel,"Sep 12, 2017",2017,16,41,57,0,99
656350,UnderMine,"Aug 6, 2020",2020,8280,778,9058,0,1999
629380,Cosmic Pioneer,"Jun 7, 2017",2017,41,35,76,0,99
314020,Morphopolis,"Aug 14, 2014",2014,4018,811,4829,0,399
624270,The Painscreek Killings,"Sep 27, 2017",2017,4753,464,5217,0,1999
1173820,FINAL FANTASY VI,"Feb 23, 2022",2022,3484,327,3811,0,1799
406970,The Uncertain: Last Quiet Day,"Sep 22, 2016",2016,4404,1383,5787,0,999
677160,We Were Here Too,"Feb 2, 2018",2018,7976,1949,9925,0,999
1761390,Hatsune Miku: Project DIVA Mega Mix+,"May 26, 2022",2022,17905,1128,19033,0,3939
1114940,I Wanna Maker,"Nov 9, 2023",2023,4592,242,4834,0,0
337340,Finding Paradise,"Dec 14, 2017",2017,18353,410,18763,0,999
24840,Medal of Honor: Airborne,"Oct 6, 2009",2009,4023,942,4965,0,0
202530,Sonic the Hedgehog 4 - Episode I,"Jan 19, 2012",2012,1401,2064,3465,0,499
24800,Command & Conquer: Red Alert 3 - Uprising,"Oct 6, 2009",2009,4450,874,5324,0,1988
1158980,Idle Big Devil,"Nov 3, 2021",2021,3139,692,3831,0,0
267530,The LEGO Movie - Videogame,"Feb 7, 2014",2014,4571,693,5264,0,1999
355790,Styx: Shards of Darkness,"Mar 14, 2017",2017,4954,1002,5956,0,199
846770,DYSMANTLE,"Nov 16, 2021",2021,1642,104,1746,0,1999
24780,SimCity 4 Deluxe Edition,"Jul 20, 2010",2010,7456,1652,9108,0,1999
295790,Never Alone (Kisima Ingitchuna),"Nov 18, 2014",2014,6833,1626,8459,0,1499
200940,Sonic CD,"Jan 19, 2012",2012,4871,561,5432,0,0
388210,Day of the Tentacle Remastered,"Mar 21, 2016",2016,4302,135,4437,0,1499
1335790,Operation: Tango,"Jun 1, 2021",2021,6990,1007,7997,0,1999
211740,Thief II: The Metal Age,"May 22, 2012",2012,1852,105,1957,0,699
1000010,Crown Trick,"Oct 16, 2020",2020,4497,766,5263,0,1999
224940,Legacy of Kain: Soul Reaver 2 (2001),"Dec 6, 2012",2012,693,351,1044,0,699
334310,Plebby Quest: The Crusades,"Apr 8, 2020",2020,2414,398,2812,0,1999
900270,Reventure,"Jun 4, 2019",2019,8752,472,9224,0,499
435790,10 Second Ninja X,"Jul 19, 2016",2016,2492,688,3180,0,99
301970,Screencheat,"Oct 21, 2014",2014,1734,159,1893,0,1499
434460,Rock of Ages 2: Bigger & Boulder,"Aug 28, 2017",2017,2857,496,3353,0,1499
569860,Thimbleweed Park,"Mar 30, 2017",2017,3673,263,3936,0,1999
2128940,THE 4 SINS,"Jun 2, 2024",2024,959,2983,3942,0,999
1880330,Sanfu,"Jul 27, 2023",2023,13769,2880,16649,0,1099
438480,Rock 'N' Roll Defense,"Aug 10, 2016",2016,2374,367,2741,0,499
420740,The Deed,"Nov 23, 2015",2015,2745,298,3043,0,99
588140,ESCAPE FROM VOYNA: Dead Forest,"Dec 20, 2018",2018,0,1,1,0,699
2683150,Ale & Tale Tavern,"Sep 5, 2024",2024,6308,762,7070,0,1499
215510,Rocketbirds: Hardboiled Chicken,"Oct 15, 2012",2012,2487,643,3130,0,499
1072420,DRAGON QUEST BUILDERS 2,"Dec 10, 2019",2019,6679,554,7233,0,4999
65780,ARMA: Gold Edition,"Jul 13, 2011",2011,967,306,1273,0,999
218740,Pid,"Oct 31, 2012",2012,2023,402,2425,0,1999
586140,BlazBlue Centralfiction,"Apr 25, 2017",2017,10363,664,11027,0,3999
7830,Men of War,"May 6, 2009",2009,3261,357,3618,0,74
1197570,Until We Die,"Jun 3, 2021",2021,2891,1541,4432,0,1699
1519350,Madden NFL 22,"Aug 19, 2021",2021,3856,3395,7251,0,0
812810,missed messages.,"May 30, 2019",2019,14604,592,15196,0,0
1367590,Tormented Souls,"Aug 26, 2021",2021,5544,545,6089,0,499
1604000,Milk outside a bag of milk outside a bag of milk,"Dec 16, 2021",2021,18167,556,18723,0,899
332500,GRAV,"Jan 8, 2015",2015,3261,3656,6917,0,1999
563120,Desolate Wastes: Vendor Chronicles,"Jul 21, 2017",2017,112,84,196,0,99
1615290,Ravenous Devils,"Apr 29, 2022",2022,8044,649,8693,0,499
488210,JDM Tuner Racing,"Jun 7, 2016",2016,221,215,436,0,99
218510,Planets Under Attack,"Sep 27, 2012",2012,808,311,1119,0,1199
2665680,Tower of Babel: Survivors of Chaos,"May 19, 2025",2025,1817,1035,2852,0,1299
1036890,Shadow Warrior 3: Definitive Edition,"Mar 1, 2022",2022,3493,1607,5100,0,3999
311730,DEAD OR ALIVE 5 Last Round: Core Fighters,"Mar 30, 2015",2015,6884,3128,10012,0,0
1286580,Ship of Fools,"Nov 22, 2022",2022,4328,979,5307,0,1119
575860,Tomb Joe,"Apr 23, 2017",2017,107,107,214,0,99
1590910,Forgive Me Father,"Apr 7, 2022",2022,4083,742,4825,0,1999
1579380,Shadow Tactics: Aiko's Choice,"Dec 6, 2021",2021,4144,292,4436,0,499
6830,Commandos 2: Men of Courage,"Mar 15, 2007",2007,2320,381,2701,0,249
383270,Hue,"Aug 30, 2016",2016,9736,788,10524,0,299
225600,Blade Symphony,"May 7, 2014",2014,3188,1615,4803,0,0
220860,McPixel,"Sep 25, 2012",2012,3295,621,3916,0,499
239250,Castlevania: Lords of Shadow 2,"Feb 25, 2014",2014,4930,900,5830,0,3999
1166290,Death and Taxes,"Feb 20, 2020",2020,6106,922,7028,0,1299
792300,The Beast Inside,"Oct 17, 2019",2019,9414,1941,11355,0,2499
375950,Viridi,"Aug 19, 2015",2015,8563,757,9320,0,0
1371580,Myth of Empires,"Feb 21, 2024",2024,11440,5372,16812,0,2999
2475490,Mouthwashing,"Sep 26, 2024",2024,28745,1119,29864,0,1299
426000,HunieCam Studio,"Apr 4, 2016",2016,5475,785,6260,0,699
402390,Hyperdrive Massacre,"Oct 12, 2015",2015,202,170,372,0,999
1110390,Unturned - Dedicated Server,"Jun 21, 2019",2019,1319,238,1557,0,0
1237320,Sonic Frontiers,"Nov 7, 2022",2022,22196,2284,24480,0,3999
1849250,EA SPORTS WRC,"Nov 2, 2023",2023,6135,3674,9809,0,4999
280180,Hover,"May 31, 2017",2017,1704,418,2122,0,1999
1546970,Grand Theft Auto III – The Definitive Edition,"Jan 19, 2023",2023,2801,1416,4217,0,5999
278460,Skyborn,"Feb 21, 2014",2014,1484,223,1707,0,1499
714120,Little Misfortune,"Sep 18, 2019",2019,11125,962,12087,0,1999
643270,OLDTV,"Jul 15, 2017",2017,5148,293,5441,0,0
1119980,In Sound Mind,"Sep 28, 2021",2021,5535,277,5812,0,3499
1078730,Soccer Manager 2020,"Jan 29, 2020",2020,1187,371,1558,0,0
730310,DYNASTY WARRIORS 9,"Feb 13, 2018",2018,3564,6493,10057,0,4499
680780,DEATH TRAIN - Warning: Unsafe VR Experience,"Sep 21, 2017",2017,18,15,33,0,1999
236370,Interstellar Marines,"Jul 2, 2013",2013,4245,3619,7864,0,999
1812450,Bellwright,"Apr 23, 2024",2024,9666,2330,11996,0,2999
1339140,BATTLE OF REBELS,"Feb 20, 2022",2022,6,1,7,0,0
501080,Fishing: Barents Sea,"Feb 7, 2018",2018,2043,513,2556,0,2499
757240,Aimtastic,"Jan 28, 2018",2018,2486,166,2652,0,0
207690,Botanicula,"May 7, 2012",2012,5974,311,6285,0,1499
705210,Cube Racer,"Oct 30, 2017",2017,1791,189,1980,0,0
250340,Blockland,"Dec 16, 2013",2013,4059,1492,5551,0,999
699170,Fell Seal: Arbiter's Mark,"Apr 30, 2019",2019,5281,706,5987,0,449
1178030,Star Fetchers,"Jan 17, 2020",2020,6965,195,7160,0,0
1568440,Sands of Fire,"Apr 2, 2021",2021,1,0,1,1,209
365960,rFactor 2,"Nov 12, 2015",2015,6766,1774,8540,0,2999
2878200,Supreme Ruler Global Outbreak,"Apr 24, 2025",2025,1,0,1,1,1999
1179580,KAKU: Ancient Seal,"Jul 11, 2024",2024,683,218,901,0,2499
2695940,PANICORE,"May 31, 2024",2024,8491,2056,10547,0,669
2302660,Homicipher,"Nov 1, 2024",2024,6305,235,6540,0,1399
2361390,全球戒备,"Sep 5, 2024",2024,102,41,143,0,0
587860,Tales of Escape,"Mar 15, 2017",2017,1298,836,2134,0,0
1286530,Black Skylands: Origins,"Apr 30, 2020",2020,471,77,548,0,0
251150,The Legend of Heroes: Trails in the Sky,"Jul 29, 2014",2014,8966,597,9563,0,1999
26900,Crayon Physics Deluxe,"May 6, 2009",2009,969,157,1126,0,1999
222750,Wargame: Airland Battle,"May 29, 2013",2013,3847,559,4406,0,1999
963330,Nya Nya Nya Girls (ʻʻʻ)_(=^･ω･^=)_(ʻʻʻ),"Dec 8, 2018",2018,460,99,559,0,99
1477830,HudSight - crosshair overlay,"Jan 5, 2021",2021,4141,536,4677,0,799
1342330,Mad Games Tycoon 2,"May 31, 2023",2023,6607,434,7041,0,2499
449140,Istrolid,"May 6, 2016",2016,2325,337,2662,0,0
218820,Mercenary Kings: Reloaded Edition,"Mar 25, 2014",2014,1707,719,2426,0,1999
215930,Jagged Alliance 2 - Wildfire,"Nov 16, 2012",2012,1347,380,1727,0,899
1032430,Blood Trail,"Mar 27, 2019",2019,4917,1176,6093,0,2499
1172650,INDUSTRIA,"Sep 30, 2021",2021,2314,940,3254,0,199
40960,Stronghold 2: Steam Edition,"Oct 5, 2017",2017,4656,590,5246,0,1499
688420,Bad North: Jotunn Edition,"Nov 16, 2018",2018,11367,831,12198,0,1499
1191330,Inferna,"Dec 20, 2019",2019,1335,814,2149,0,0
1150760,Gloomwood,"Sep 5, 2022",2022,6231,308,6539,0,1999
292410,Street Racing Syndicate,"Apr 24, 2014",2014,3446,625,4071,0,299
1407530,Warrior Beneath Heaven,"Oct 6, 2020",2020,5,2,7,0,199
2531310,The Last of Us Part II Remastered,"Apr 3, 2025",2025,22421,2353,24774,0,4999
266310,GameGuru Classic,"May 19, 2015",2015,1517,569,2086,0,1999
425580,The Room Two,"Jul 5, 2016",2016,19460,468,19928,0,499
924140,Hand Simulator: Survival,"Dec 17, 2019",2019,8591,1347,9938,0,299
239660,Soldier Front 2,"Jul 3, 2013",2013,1547,411,1958,0,0
1160220,Paradise Killer,"Sep 4, 2020",2020,3761,288,4049,0,1999
1129190,Our Life: Beginnings & Always,"Nov 16, 2020",2020,12306,146,12452,0,0
9310,"Warhammer 40,000: Dawn of War – Winter Assault","Aug 7, 2007",2007,2072,278,2350,0,0
410710,System Shock: Enhanced Edition,"Oct 22, 2015",2015,1946,226,2172,0,999
2059790,再刷一把 PlayAgain,"Jul 21, 2022",2022,2998,1521,4519,0,899
6800,Commandos: Behind Enemy Lines,"Mar 15, 2007",2007,3378,377,3755,0,249
618140,Barro,"Mar 28, 2018",2018,3713,1009,4722,0,499
34900,Bad Rats: the Rats' Revenge,"Jul 20, 2009",2009,11745,3126,14871,0,199
965200,Walking Zombie 2,"Oct 11, 2019",2019,10981,1534,12515,0,0
1730590,The Entropy Centre,"Nov 3, 2022",2022,3312,367,3679,0,1999
1252600,ANOTHER EDEN,"Mar 30, 2021",2021,1290,575,1865,0,0
800270,Terraforming Mars,"Oct 17, 2018",2018,4758,1871,6629,0,1999
797430,HD Poker: Texas Hold'em,"Sep 14, 2018",2018,3652,900,4552,0,0
298900,Space Hulk: Deathwing,"Dec 14, 2016",2016,3101,2601,5702,0,2999
2351560,Apocalypse Party,"Nov 30, 2023",2023,3708,1363,5071,0,999
368390,The Darkside Detective,"Jul 27, 2017",2017,4464,260,4724,0,1499
283880,Heroine's Quest: The Herald of Ragnarok,"Mar 20, 2014",2014,1194,169,1363,0,0
691020,Fog Of War - Free Edition,"Feb 22, 2018",2018,916,827,1743,0,0
375530,"Football, Tactics & Glory","Jun 1, 2018",2018,3546,478,4024,0,2499
403560,Eaten Alive,"Sep 30, 2015",2015,199,327,526,0,99
314410,Rampage Knights,"Sep 4, 2015",2015,3298,260,3558,0,1299
1712840,Tiny Tina's Assault on Dragon Keep: A Wonderlands One-shot Adventure,"Nov 9, 2021",2021,2260,1122,3382,0,999
1556200,Predator: Hunting Grounds,"Apr 29, 2021",2021,3540,1040,4580,0,1999
2445690,Lost Castle 2,"Jul 24, 2024",2024,6425,1865,8290,0,1799
328080,Rise to Ruins,"Oct 14, 2019",2019,6737,915,7652,0,1499
381990,Dragon Saga,"Dec 22, 2015",2015,953,519,1472,0,0
33110,Alien Shooter: Revisited,"May 27, 2009",2009,509,282,791,0,499
429180,Project CARS - Pagani Edition,"Oct 28, 2016",2016,978,520,1498,0,0
1386900,Observer: System Redux,"Nov 10, 2020",2020,2181,341,2522,0,2999
1084520,雀姬/姫麻雀,"Aug 5, 2019",2019,1547,1270,2817,0,0
757320,Atomicrops,"Sep 17, 2020",2020,5218,442,5660,0,1499
2803960,VR NINJA DOJO,"Sep 6, 2024",2024,2,2,4,0,899
3320100,Drowned God: Conspiracy of the Ages.,"Feb 14, 2025",2025,10,5,15,0,699
1204050,Pixel Studio for pixel art,"Dec 24, 2019",2019,4581,194,4775,0,0
200900,Cave Story+,"Nov 22, 2011",2011,7105,539,7644,0,1499
920490,Driver Booster for Steam,"Nov 1, 2018",2018,7795,1435,9230,0,0
436110,Medusa's Labyrinth,"Feb 15, 2016",2016,861,248,1109,0,0
400940,Budget Cuts,"Jun 14, 2018",2018,1483,362,1845,0,1199
757310,Sable,"Sep 23, 2021",2021,4858,756,5614,0,2499
1220010,Home Behind 2,"Feb 16, 2022",2022,6072,892,6964,0,1999
816340,Kingdom Rush Origins - Tower Defense,"Oct 17, 2018",2018,6792,292,7084,0,1499
1003890,Blacksad: Under the Skin,"Nov 14, 2019",2019,5031,929,5960,0,1999
1024380,Second Extinction,"Oct 13, 2020",2020,3799,2516,6315,0,0
1239520,Madden NFL 21,"Aug 28, 2020",2020,2607,2565,5172,0,0
39650,The Guild II,"Jun 24, 2010",2010,580,236,816,0,999
2666510,Rusty's Retirement,"Apr 26, 2024",2024,12386,392,12778,0,699
1433140,The Texas Chain Saw Massacre,"Aug 18, 2023",2023,14423,7117,21540,0,1499
466300,Planescape: Torment: Enhanced Edition,"Apr 11, 2017",2017,4697,261,4958,0,1999
280640,Dark Shadows - Army of Evil,"Mar 11, 2014",2014,104,209,313,0,499
837380,DeoVR Video Player,"Apr 24, 2018",2018,539,345,884,0,0
684410,Bridge Constructor Portal,"Dec 20, 2017",2017,6123,555,6678,0,999
209650,Call of Duty: Advanced Warfare - Gold Edition,"Nov 3, 2014",2014,16240,8817,25057,0,1979
892420,懒人修仙传,"Nov 14, 2018",2018,769,509,1278,0,399
359900,The Incredible Adventures of Van Helsing III,"May 22, 2015",2015,857,472,1329,0,1499
764030,Realm Revolutions,"Jan 5, 2018",2018,273,95,368,0,0
1404850,Luck be a Landlord,"Jan 6, 2023",2023,9928,702,10630,0,399
764050,Maelstrom,"Sep 20, 2019",2019,2139,433,2572,0,0
1318690,shapez,"Jun 7, 2020",2020,13165,516,13681,0,999
245470,Democracy 3,"Oct 14, 2013",2013,5381,1862,7243,0,2499
39160,Dungeon Siege III,"Jun 20, 2011",2011,1642,1225,2867,0,1499
443580,Antenna,"Apr 7, 2016",2016,2034,637,2671,0,0
466500,35MM,"May 27, 2016",2016,2991,1202,4193,0,899
530070,Train Sim World 2020,"Mar 16, 2017",2017,5414,1577,6991,0,1299
520440,GUILTY GEAR Xrd REV 2,"Dec 14, 2016",2016,9994,598,10592,0,2999
277430,Halo: Spartan Assault,"Apr 4, 2014",2014,3675,1012,4687,0,299
60,Ricochet,"Nov 1, 2000",2000,4989,1039,6028,0,499
861540,Dicey Dungeons,"Aug 13, 2019",2019,9953,1161,11114,0,374
755800,Hades' Star,"Feb 27, 2019",2019,1874,703,2577,0,0
526160,The Wild Eight,"Oct 3, 2019",2019,5407,2490,7897,0,2499
274500,Brigador: Up-Armored Edition,"Jun 2, 2016",2016,5127,335,5462,0,649
547680,Guild Quest,"Jan 26, 2017",2017,1135,589,1724,0,0
976590,Bus Simulator 21 Next Stop,"Sep 7, 2021",2021,4164,1802,5966,0,2499
2993780,FANTASY LIFE i: The Girl Who Steals Time,"May 21, 2025",2025,7019,575,7594,0,5999
1170760,XIII - Classic,"Jun 11, 2020",2020,2107,250,2357,0,1299
518150,Intruder,"Mar 1, 2019",2019,5956,627,6583,0,1999
321270,UNLOVED,"Sep 29, 2016",2016,1454,525,1979,0,499
1229380,Everhood,"Mar 4, 2021",2021,12763,634,13397,0,999
1469330,Unlimited Fight,"Dec 10, 2020",2020,5,2,7,0,199
512250,Oh...Sir!! The Insult Simulator,"Oct 25, 2016",2016,3370,332,3702,0,199
384490,NECROPOLIS: BRUTAL EDITION,"Jul 12, 2016",2016,3010,1623,4633,0,2999
258760,Scania Truck Driving Simulator,"Feb 27, 2014",2014,1554,358,1912,0,999
2763670,Arctic Eggs,"May 16, 2024",2024,3576,115,3691,0,999
435530,The Final Station,"Aug 30, 2016",2016,7705,1133,8838,0,1499
98800,Dungeons of Dredmor,"Jul 13, 2011",2011,4978,323,5301,0,799
360740,Downwell,"Oct 15, 2015",2015,7921,279,8200,0,299
692530,Community Garden,"Oct 10, 2017",2017,2,9,11,0,999
412470,Metal War Online: Retribution,"Dec 11, 2015",2015,612,435,1047,0,0
1410640,Syberia: The World Before,"Mar 18, 2022",2022,3909,435,4344,0,799
1016120,PGA TOUR 2K21,"Aug 20, 2020",2020,6382,1233,7615,0,0
2071280,Ravenswatch,"Sep 26, 2024",2024,12942,3211,16153,0,2499
1662940,Anatomy of Fear,"Jan 26, 2022",2022,12,14,26,0,299
1591520,Clownfield 2042,"Dec 31, 2021",2021,3914,714,4628,0,99
264140,Pixel Piracy,"Jul 31, 2014",2014,4814,2543,7357,0,1499
893030,Music Racer,"Jul 20, 2018",2018,3213,430,3643,0,199
829590,CryoFall,"Apr 29, 2021",2021,4856,1311,6167,0,1999
102840,Shank 2,"Feb 7, 2012",2012,2821,609,3430,0,999
13570,Tom Clancy's Splinter Cell Chaos Theory,"Aug 27, 2009",2009,4785,348,5133,0,249
1563180,Internet Cafe Simulator 2,"Jan 7, 2022",2022,9146,3275,12421,0,1999
233700,Sword of the Stars: The Pit,"Feb 21, 2013",2013,1279,248,1527,0,999
1283410,Tails of Iron,"Sep 17, 2021",2021,10939,1433,12372,0,2499
1525700,Tavern Master,"Nov 16, 2021",2021,10464,868,11332,0,1499
333950,Medieval Engineers,"Feb 19, 2015",2015,3794,3392,7186,0,999
243040,Startopia,"Oct 10, 2013",2013,838,96,934,0,699
496680,SweatShop,"Jul 22, 2016",2016,224,236,460,0,99
1583320,Pro Soccer Online,"Dec 5, 2025",2025,21717,2463,24180,0,499
293780,Crawl,"Apr 11, 2017",2017,6673,366,7039,0,1499
1533420,Neon White,"Jun 16, 2022",2022,17398,325,17723,0,2499
557810,Clicker Guild,"Dec 16, 2016",2016,358,292,650,0,0
595280,Throne of Lies: Medieval Politics,"Sep 29, 2017",2017,2070,648,2718,0,0
1275630,Drug Dealer Simulator: Free Sample,"Apr 3, 2020",2020,2376,345,2721,0,0
386280,Vendetta - Curse of Raven's Cry,"Nov 20, 2015",2015,346,373,719,0,2999
2194530,Yog-Sothoth’s Yard,"Oct 19, 2023",2023,11065,640,11705,0,1099
262940,Broken Sword 5 - the Serpent's Curse,"Dec 4, 2013",2013,2361,296,2657,0,2499
333640,Caves of Qud,"Dec 5, 2024",2024,9912,498,10410,0,2999
493370,Ragnarok Clicker,"Aug 3, 2016",2016,828,310,1138,0,0
934780,American Fugitive,"May 21, 2019",2019,2308,780,3088,0,399
408410,X-Morph: Defense,"Aug 30, 2017",2017,3506,317,3823,0,1999
868360,Project Hospital,"Oct 30, 2018",2018,7392,956,8348,0,999
1148590,DOOM 64,"Mar 19, 2020",2020,7272,505,7777,0,499
979060,Bloons Adventure Time TD,"Jan 16, 2019",2019,3743,559,4302,0,0
498660,Mind Spheres,"Jul 8, 2016",2016,618,181,799,0,499
897450,The Survivalists,"Oct 9, 2020",2020,7069,2148,9217,0,539
329070,SpyParty,"Apr 12, 2018",2018,1199,326,1525,0,2499
456670,Hand of Fate 2,"Nov 7, 2017",2017,4795,885,5680,0,2999
253940,Septerra Core,"Sep 27, 2013",2013,893,289,1182,0,799
1138850,Heavenly Bodies,"Dec 7, 2021",2021,3753,175,3928,0,1999
979110,Space Haven,"May 21, 2020",2020,7778,1231,9009,0,2499
1084160,Jagged Alliance 3,"Jul 14, 2023",2023,11576,1364,12940,0,1349
589780,The Red Strings Club,"Jan 22, 2018",2018,12057,782,12839,0,1499
2495450,Winter Memories,"Jan 5, 2024",2024,8944,229,9173,0,1999
3920,Sid Meier's Pirates!,"Jul 11, 2005",2005,6520,374,6894,0,999
231140,Cities XL Platinum,"Feb 6, 2013",2013,944,677,1621,0,999
753420,Dungreed,"Feb 14, 2018",2018,8672,621,9293,0,999
1476720,Retro Run,"Jan 13, 2024",2024,5,2,7,0,99
729000,Wytchwood,"Dec 9, 2021",2021,3744,288,4032,0,1999
513560,Hunger Dungeon,"Dec 6, 2016",2016,1645,634,2279,0,0
299740,Miscreated,"Dec 18, 2018",2018,20860,10748,31608,0,2999
514900,>observer_,"Aug 15, 2017",2017,4583,1241,5824,0,2999
249990,FORCED: Slightly Better Edition,"Oct 24, 2013",2013,2058,721,2779,0,1499
2768430,ATLYSS,"Nov 22, 2024",2024,16289,484,16773,0,999
2155180,Pioneers of Pagonia,"Dec 11, 2025",2025,3430,629,4059,0,3499
1255630,WWE 2K22,"Mar 10, 2022",2022,7313,2700,10013,0,0
470310,TROUBLESHOOTER: Abandoned Children,"Apr 23, 2020",2020,8645,552,9197,0,2499
294040,Loot Hero DX,"Jul 3, 2015",2015,1111,388,1499,0,299
314660,Oddworld: New 'n' Tasty,"Feb 25, 2015",2015,2996,495,3491,0,1999
875310,LIBERATED,"Jul 30, 2020",2020,632,180,812,0,1999
1351080,Pharaoh: A New Era,"Feb 15, 2023",2023,3396,1175,4571,0,2299
382560,Hot Lava,"Sep 19, 2019",2019,5422,393,5815,0,1999
1267470,Warriors of the Nile,"Aug 7, 2020",2020,1980,537,2517,0,1299
571310,SteamWorld Dig 2,"Sep 22, 2017",2017,7243,338,7581,0,1999
926990,WolfQuest: Anniversary Edition,"Jul 22, 2025",2025,10029,219,10248,0,2999
402840,Crusaders of the Lost Idols,"Oct 13, 2015",2015,2420,504,2924,0,0
979080,Rebel Forces,"Dec 20, 2018",2018,1323,288,1611,0,0
1024480,Immortal Realms: Vampire Wars,"Aug 28, 2020",2020,344,215,559,0,2999
699920,Despotism 3k,"Nov 8, 2018",2018,2862,817,3679,0,799
2646460,Soulmask,"Apr 9, 2026",2026,11979,2887,14866,0,2999
1651560,Fabledom,"May 13, 2024",2024,5342,862,6204,0,2099
401190,Dinosaur Hunt,"Sep 17, 2015",2015,2576,1273,3849,0,99
839770,Phoenix Point,"Dec 3, 2020",2020,4599,1745,6344,0,2499
268650,From the Depths,"Nov 6, 2020",2020,10558,1305,11863,0,2499
2232840,Garten of Banban,"Jan 6, 2023",2023,6120,5577,11697,0,0
33120,Alien Shooter 2: Reloaded,"May 27, 2009",2009,3012,271,3283,0,499
674750,Yet Another Zombie Defense HD,"Aug 25, 2017",2017,2511,473,2984,0,399
25900,King's Bounty: The Legend,"May 1, 2009",2009,3013,304,3317,0,699
336510,Anno Online,"Jul 1, 2015",2015,495,532,1027,0,0
952860,河洛群俠傳 (Ho Tu Lo Shu ： The Books of Dragon),"Nov 14, 2018",2018,8704,1928,10632,0,1799
2248760,Car For Sale Simulator 2023,"Nov 1, 2024",2024,14778,3674,18452,0,1699
915810,Midnight Ghost Hunt,"Mar 21, 2024",2024,5712,1727,7439,0,1999
750130,The Sinking City Remastered,"Feb 26, 2021",2021,3503,1150,4653,0,3999
572410,Steel Division: Normandy 44,"May 23, 2017",2017,4638,1593,6231,0,1999
805940,RUSSIA BATTLEGROUNDS,"Jul 13, 2018",2018,3424,1018,4442,0,299
40400,AI War: Fleet Command,"Oct 21, 2009",2009,1307,275,1582,0,999
1105420,Game of Thrones Winter is Coming,"Nov 14, 2019",2019,1583,1019,2602,0,0
1220140,Cartel Tycoon,"Jul 26, 2022",2022,2699,837,3536,0,2999
26500,Cogs,"Apr 14, 2009",2009,795,104,899,0,599
578620,GORN,"Jul 18, 2019",2019,7680,483,8163,0,1999
667600,Sky Force Reloaded,"Nov 29, 2017",2017,2277,180,2457,0,999
38700,Toki Tori,"Jan 28, 2010",2010,1855,256,2111,0,69
3297010,Futon and Rocket Launcher,"Feb 9, 2025",2025,20,0,20,1,399
1104280,The Slormancer,"May 13, 2025",2025,5174,1149,6323,0,1999
1203630,Record of Lodoss War-Deedlit in Wonder Labyrinth-,"Mar 27, 2021",2021,6262,471,6733,0,1999
252610,Death Road to Canada,"Jul 21, 2016",2016,8712,673,9385,0,1499
17440,SPORE Creepy & Cute Parts Pack,"Dec 19, 2008",2008,1809,217,2026,0,1999
493650,Deep Space Dash,"Jul 7, 2016",2016,117,240,357,0,99
447920,Drift (Over) Drive,"Sep 24, 2017",2017,28,31,59,0,99
1140270,Monster Prom 2: Monster Camp,"Oct 23, 2020",2020,5774,199,5973,0,1199
340050,Survivalist,"Jan 30, 2015",2015,2025,508,2533,0,499
327070,Gloria Victis: Medieval MMORPG,"Feb 7, 2023",2023,7014,3324,10338,0,0
220740,Chaos on Deponia,"Nov 6, 2012",2012,2527,267,2794,0,1999
2162800,shapez 2 - Factory,"Apr 23, 2026",2026,10856,205,11061,0,2999
234270,Ken Follett's The Pillars of the Earth,"Aug 15, 2017",2017,6557,522,7079,0,1999
598330,SimAirport,"Feb 28, 2020",2020,3125,815,3940,0,2499
7660,X-COM: Apocalypse,"Sep 4, 2008",2008,792,105,897,0,499
813230,ANIMAL WELL,"May 9, 2024",2024,19956,834,20790,0,1674
2217000,Rivals of Aether II,"Oct 23, 2024",2024,5963,1331,7294,0,2999
1808800,Duck Simulator 2,"Nov 22, 2021",2021,2696,106,2802,0,0
304730,Train Fever,"Sep 4, 2014",2014,2251,1251,3502,0,1999
1126290,Lost,"Sep 30, 2019",2019,6228,1467,7695,0,75
825310,Dude Simulator 2,"Jul 27, 2018",2018,1144,874,2018,0,69
562360,"Planes, Bullets and Vodka","Dec 13, 2016",2016,1698,296,1994,0,49
984110,SYNTHETIK: Arena,"Jan 21, 2019",2019,2099,223,2322,0,0
435400,Hidden Folks,"Feb 15, 2017",2017,8952,309,9261,0,1499
327410,A Bird Story,"Nov 7, 2014",2014,8718,1558,10276,0,399
326160,Shroud of the Avatar: Forsaken Virtues,"Mar 27, 2018",2018,1658,1457,3115,0,0
1079800,Pistol Whip,"Nov 7, 2019",2019,3780,236,4016,0,2999
600750,Star Trek Timelines,"Jul 12, 2017",2017,938,492,1430,0,0
2290,Final DOOM,"Aug 3, 2007",2007,1090,179,1269,0,0
400240,The Deer,"Mar 28, 2016",2016,1400,843,2243,0,199
983970,Haven,"Dec 3, 2020",2020,4547,490,5037,0,2499
1624540,Storyteller,"Mar 23, 2023",2023,6518,893,7411,0,1499
1271700,HOT WHEELS UNLEASHED,"Sep 30, 2021",2021,5693,1556,7249,0,3999
550010,Happy Room,"Dec 19, 2016",2016,2640,271,2911,0,499
444490,POLYWAR,"Dec 30, 2016",2016,362,149,511,0,99
254960,Silent Storm Gold Edition,"Oct 2, 2013",2013,901,116,1017,0,199
1971650,OCTOPATH TRAVELER II,"Feb 24, 2023",2023,12882,692,13574,0,5999
1559390,Fate Seeker II,"Nov 22, 2021",2021,12142,1428,13570,0,2260
3321220,Escape from Nightmare School,"Jan 3, 2025",2025,3,0,3,1,99
1587130,Blood West,"Dec 5, 2023",2023,4318,476,4794,0,2499
2315690,WWE 2K24,"Mar 7, 2024",2024,5683,1922,7605,0,5999
570770,古剑奇谭二(GuJian2),"Sep 7, 2017",2017,2194,642,2836,0,1599
966330,Flower,"Feb 14, 2019",2019,3666,917,4583,0,699
498320,Trolley Gold,"Mar 17, 2017",2017,69,179,248,0,199
808290,Runes of Magic,"Aug 29, 2018",2018,967,445,1412,0,0
1377380,Night of the Dead,"May 31, 2024",2024,8877,2518,11395,0,2999
1714320,Find Love or Die Trying,"Sep 16, 2021",2021,11616,391,12007,0,499
1035930,Nyasha,"Mar 6, 2019",2019,362,94,456,0,99
857980,Void Bastards,"May 28, 2019",2019,4527,739,5266,0,2999
326410,Windward,"May 12, 2015",2015,2872,719,3591,0,999
99910,Puzzle Pirates,"Aug 31, 2011",2011,1687,420,2107,0,0
2210,Quake 4,"Aug 4, 2011",2011,3001,423,3424,0,1499
1197260,The Perfect Tower II,"Nov 30, 2025",2025,3201,438,3639,0,0
387860,the static speaks my name,"Aug 10, 2015",2015,4594,1039,5633,0,0
269770,Secrets of Grindea,"Feb 29, 2024",2024,7388,882,8270,0,1499
1328350,Turbo Overkill,"Aug 11, 2023",2023,6161,325,6486,0,1999
487120,Citadel: Forged with Fire,"Nov 1, 2019",2019,3981,1885,5866,0,1499
2084030,Pitch Black: A Dusklight Story - Episode One,"Aug 10, 2022",2022,5,1,6,0,599
1900,Earth 2160,"Apr 1, 2006",2006,994,411,1405,0,999
3483,Peggle Extreme,"Sep 11, 2007",2007,2282,133,2415,0,0
370360,TIS-100,"Jul 20, 2015",2015,3750,126,3876,0,699
540840,Lara Croft GO,"Dec 4, 2016",2016,3480,275,3755,0,999
204240,The Bridge,"Feb 22, 2013",2013,3747,557,4304,0,999
695920,Super Seducer : How to Talk to Girls,"Mar 6, 2018",2018,1463,301,1764,0,1299
9160,Master Levels for Doom II,"Aug 3, 2007",2007,593,206,799,0,0
1190970,House Flipper 2,"Dec 14, 2023",2023,11633,2058,13691,0,3999
363890,RPG Maker MV,"Oct 23, 2015",2015,7542,748,8290,0,7999
25800,Europa Universalis III Complete,"Feb 4, 2009",2009,1646,325,1971,0,1499
340540,TDP4:Team Battle,"Mar 12, 2015",2015,469,399,868,0,0
1121640,The Wandering Village,"Jul 17, 2025",2025,5457,529,5986,0,2999
19980,Prince of Persia,"Dec 10, 2008",2008,2730,754,3484,0,999
1368030,ANNO: Mutationem,"Mar 16, 2022",2022,4839,1145,5984,0,2499
243930,Bound By Flame,"May 8, 2014",2014,2596,1213,3809,0,699
2068280,Nordic Ashes: Survivors of Ragnarok,"Apr 26, 2024",2024,5280,677,5957,0,999
215470,Primal Carnage,"Oct 29, 2012",2012,4462,1371,5833,0,499
208750,Apotheon,"Feb 3, 2015",2015,3365,374,3739,0,1499
1874880,Arma Reforger,"Nov 16, 2023",2023,23326,7297,30623,0,3999
386620,"Cook, Serve, Delicious! 2!!","Sep 13, 2017",2017,2621,317,2938,0,1499
528510,Turbo Pug 3D,"Sep 20, 2016",2016,261,118,379,0,99
1310520,Occupy Mars: Prologue,"Aug 20, 2020",2020,1217,343,1560,0,0
354640,The Settlers Online,"Aug 19, 2015",2015,397,672,1069,0,0
434170,The Jackbox Party Pack 3,"Oct 17, 2016",2016,6080,204,6284,0,2499
1205520,Pentiment,"Nov 14, 2022",2022,7379,367,7746,0,1999
226720,LOST PLANET 3,"Aug 26, 2013",2013,2333,1393,3726,0,2499
57650,Dungeons,"Feb 10, 2011",2011,378,456,834,0,999
224300,Legacy of Kain: Defiance (2003),"Dec 6, 2012",2012,1004,175,1179,0,699
212630,Tom Clancy's Ghost Recon: Future Soldier,"Jun 26, 2012",2012,3912,1702,5614,0,499
115110,Stacking,"Mar 6, 2012",2012,1587,193,1780,0,999
2555030,Limsod,"Feb 9, 2024",2024,11,4,15,0,499
608990,The Archotek Project,"Apr 28, 2017",2017,528,438,966,0,99
663390,Rento Fortune: Online Dice Board Game (大富翁),"Jul 14, 2017",2017,1708,1678,3386,0,499
1097130,Circuit Superstars,"Oct 31, 2023",2023,1955,311,2266,0,1999
1278060,Orqa FPV.SkyDive,"May 31, 2021",2021,1796,384,2180,0,0
558990,Opus Magnum,"Dec 7, 2017",2017,5848,153,6001,0,1999
296870,Dreaming Sarah,"Mar 12, 2015",2015,2550,258,2808,0,599
41100,Hammerfight,"Oct 28, 2009",2009,1456,554,2010,0,0
1938010,WILD HEARTS,"Feb 16, 2023",2023,5709,6481,12190,0,699
869760,Stoneshard: Prologue,"Jun 5, 2018",2018,3118,470,3588,0,0
2357910,Home Safety Hotline,"Jan 16, 2024",2024,2034,177,2211,0,1499
1362420,Siege Survival: Gloria Victis Prologue,"Aug 19, 2020",2020,846,124,970,0,0
1412190,BEACHED,"Aug 4, 2021",2021,2286,1238,3524,0,0
422970,Devil Daggers,"Feb 18, 2016",2016,8641,427,9068,0,999
1556790,Isonzo,"Sep 13, 2022",2022,12376,2614,14990,0,2999
372540,The Lost Mythologies,"Jan 28, 2016",2016,1139,577,1716,0,0
1484720,Dead Estate,"Oct 19, 2021",2021,5503,300,5803,0,1499
207490,Rayman Origins,"Mar 29, 2012",2012,4839,309,5148,0,1999
265210,Viscera Cleanup Detail: Santa's Rampage,"Dec 13, 2013",2013,5285,502,5787,0,249
1252780,Bloons Monkey City,"Apr 10, 2020",2020,5676,546,6222,0,0
1822030,The Library of Babel,"Apr 6, 2023",2023,60,18,78,0,1899
1264280,Slipways,"Jun 3, 2021",2021,2000,154,2154,0,1699
363930,Dead Age,"Nov 4, 2016",2016,4467,1008,5475,0,1499
95300,Capsized,"Apr 29, 2011",2011,825,257,1082,0,999
522470,The House of Da Vinci,"Nov 24, 2017",2017,5619,821,6440,0,1999
40950,Stronghold HD (2012),"Oct 21, 2013",2013,9459,438,9897,0,599
466170,Idling to Rule the Gods,"May 27, 2016",2016,1638,278,1916,0,0
237630,DuckTales: Remastered,"Aug 13, 2013",2013,6472,909,7381,0,1499
1272320,Diplomacy is Not an Option,"Oct 4, 2024",2024,8217,1456,9673,0,2999
2378620,Anomaly Agent,"Jan 24, 2024",2024,8006,355,8361,0,1199
1288320,Way of the Hunter,"Aug 16, 2022",2022,7111,1842,8953,0,2999
895620,Spellcaster University,"Jun 15, 2021",2021,3357,691,4048,0,874
222520,Champions of Regnum,"Feb 27, 2013",2013,818,379,1197,0,0
423880,Carpe Diem,"Nov 30, 2015",2015,7614,928,8542,0,0
647960,Rusted Warfare - RTS,"Jul 14, 2017",2017,6035,206,6241,0,499
312450,Order of Battle: World War II,"Apr 30, 2015",2015,2350,652,3002,0,0
108210,Memoir '44 Online,"Oct 12, 2011",2011,393,222,615,0,0
8170,Battlestations Pacific,"May 12, 2009",2009,1825,733,2558,0,0
297020,The Culling Of The Cows,"May 9, 2014",2014,2557,879,3436,0,499
1732190,FATAL FRAME / PROJECT ZERO: Maiden of Black Water,"Oct 27, 2021",2021,4789,1040,5829,0,3999
2056220,Bloody Hell,"Jan 27, 2023",2023,5840,123,5963,0,0
746580,HARDCORE MECHA,"Jun 26, 2019",2019,2168,445,2613,0,1999
1468720,Ultimate Epic Battle Simulator 2,"Jul 21, 2023",2023,5392,1017,6409,0,1999
318430,Squishy the Suicidal Pig,"Oct 23, 2014",2014,2815,555,3370,0,599
32390,STAR WARS Jedi Knight - Mysteries of the Sith,"Sep 16, 2009",2009,650,329,979,0,299
1216320,Shieldwall,"Apr 18, 2023",2023,5662,836,6498,0,1799
307960,IL-2 Sturmovik: Battle of Stalingrad,"Oct 22, 2014",2014,7142,1888,9030,0,949
214870,Painkiller Hell & Damnation,"Oct 31, 2012",2012,3258,919,4177,0,199
471550,Nine Parchments,"Dec 5, 2017",2017,3427,997,4424,0,1999
